,Year,Neighborhood,1st Most Common Venue,2nd Most Common Venue,3rd Most Common Venue,4th Most Common Venue,5th Most Common Venue,6th Most Common Venue,7th Most Common Venue,8th Most Common Venue,9th Most Common Venue,10th Most Common Venue,11th Most Common Venue,12th Most Common Venue,13th Most Common Venue,14th Most Common Venue,15th Most Common Venue,16th Most Common Venue,17th Most Common Venue,18th Most Common Venue,19th Most Common Venue,20th Most Common Venue
0,2017,Allerton,Pizza Place,Fried Chicken Joint,Donut Shop,Sandwich Place,Caribbean Restaurant,Deli / Bodega,Fast Food Restaurant,Pharmacy,Supermarket,Bar,Convenience Store,Discount Store,Construction & Landscaping,Diner,Basketball Court,Metro Station,Mexican Restaurant,Mobile Phone Shop,Bike Trail,Breakfast Spot
1,2017,Annadale,Restaurant,Trail,Pizza Place,Diner,Food,Park,Train Station,Home Service,Liquor Store,Elementary School,Sushi Restaurant,American Restaurant,Deli / Bodega,Cosmetics Shop,Fish Market,Factory,Falafel Restaurant,Farm,Farmers Market,Dance Studio
2,2017,Arden Heights,Park,Bus Stop,Sushi Restaurant,Trail,Liquor Store,Pizza Place,Coffee Shop,Mexican Restaurant,Sandwich Place,Spa,Pharmacy,Dog Run,Construction & Landscaping,Business Service,Food,Bank,Italian Restaurant,Shopping Mall,Optical Shop,Farmers Market
3,2017,Arlington,Bus Stop,Hardware Store,American Restaurant,Coffee Shop,Snack Place,Donut Shop,Fast Food Restaurant,Comic Shop,Discount Store,Convenience Store,Bar,Nightlife Spot,Department Store,Wings Joint,Rental Service,Deli / Bodega,Fish & Chips Shop,Falafel Restaurant,Farm,Farmers Market
4,2017,Arrochar,Bus Stop,Italian Restaurant,Beach,Baseball Field,Sandwich Place,Steakhouse,Outdoors & Recreation,Park,Government Building,Middle Eastern Restaurant,Mediterranean Restaurant,Bagel Shop,Pizza Place,Historic Site,Home Service,Polish Restaurant,Supermarket,Hotel,Deli / Bodega,Design Studio
5,2017,Arverne,Surf Spot,Beach,Donut Shop,Sandwich Place,Bus Stop,Deli / Bodega,Wine Shop,Chinese Restaurant,Farmers Market,Caribbean Restaurant,Bank,Taco Place,Thai Restaurant,Gas Station,Pizza Place,Playground,Metro Station,Harbor / Marina,Home Service,Gym / Fitness Center
6,2017,Astoria,Greek Restaurant,Bar,Pizza Place,Middle Eastern Restaurant,Grocery Store,Coffee Shop,Bakery,Italian Restaurant,Burger Joint,Seafood Restaurant,Dessert Shop,Gourmet Shop,Bagel Shop,Pub,Sandwich Place,Mediterranean Restaurant,Thai Restaurant,Wine Shop,Gym,Ice Cream Shop
7,2017,Astoria Heights,Bus Station,Airport Service,Rental Car Location,Donut Shop,Park,Bar,Hotel,Convenience Store,Italian Restaurant,Deli / Bodega,Furniture / Home Store,Pizza Place,Supermarket,Café,Discount Store,Greek Restaurant,Bakery,Moving Target,Dessert Shop,Sushi Restaurant
8,2017,Auburndale,Korean Restaurant,Greek Restaurant,Pizza Place,Ice Cream Shop,Pharmacy,Chinese Restaurant,Cosmetics Shop,Bank,Donut Shop,Mobile Phone Shop,Italian Restaurant,Bar,Pet Store,Diner,Liquor Store,Sandwich Place,Café,Sushi Restaurant,Juice Bar,Modern Greek Restaurant
9,2017,Bath Beach,Pizza Place,Bank,Japanese Restaurant,Chinese Restaurant,Bakery,Sushi Restaurant,Italian Restaurant,Bubble Tea Shop,Cantonese Restaurant,Coffee Shop,Fast Food Restaurant,Supplement Shop,Dessert Shop,Asian Restaurant,Donut Shop,Mobile Phone Shop,Gourmet Shop,Spa,Malay Restaurant,Shanghai Restaurant
10,2017,Battery Park City,Park,Coffee Shop,Hotel,Gym / Fitness Center,Gym,Memorial Site,Plaza,Burger Joint,Scenic Lookout,Steakhouse,Shopping Mall,Sandwich Place,New American Restaurant,Pizza Place,Playground,Food Court,Gourmet Shop,American Restaurant,Italian Restaurant,Grocery Store
11,2017,Bay Ridge,Pizza Place,Spa,Italian Restaurant,Bagel Shop,Chinese Restaurant,Bar,Coffee Shop,American Restaurant,Greek Restaurant,Diner,Bakery,Cocktail Bar,Sandwich Place,Indian Restaurant,Department Store,Cosmetics Shop,Lebanese Restaurant,Middle Eastern Restaurant,Grocery Store,Japanese Restaurant
12,2017,Bay Terrace,Italian Restaurant,Donut Shop,Pizza Place,Clothing Store,Bus Stop,Women's Store,Cosmetics Shop,Chinese Restaurant,Supermarket,Bank,Harbor / Marina,Kids Store,Shopping Mall,Martial Arts Dojo,Shipping Store,Shoe Store,Home Service,Mobile Phone Shop,American Restaurant,Gym
13,2017,Baychester,Clothing Store,Pizza Place,Pharmacy,Donut Shop,Bus Station,Department Store,Mobile Phone Shop,Supermarket,Discount Store,Accessories Store,Shopping Mall,Fried Chicken Joint,Kids Store,Mexican Restaurant,Bakery,Bagel Shop,Spanish Restaurant,Chinese Restaurant,Shoe Store,Sandwich Place
14,2017,Bayside,Pizza Place,American Restaurant,Pharmacy,Sandwich Place,Sushi Restaurant,Bar,Mobile Phone Shop,Bakery,Korean Restaurant,Asian Restaurant,Italian Restaurant,Indian Restaurant,Thai Restaurant,Mexican Restaurant,Bagel Shop,Bank,Burger Joint,Chinese Restaurant,Coffee Shop,Supplement Shop
15,2017,Bayswater,Grocery Store,Park,Chinese Restaurant,Auto Dealership,Pizza Place,Playground,Home Service,Hardware Store,Other Great Outdoors,Food Court,Food Stand,French Restaurant,Exhibit,Eye Doctor,Factory,Falafel Restaurant,Fountain,Farm,Food Truck,Farmers Market
16,2017,Bedford Park,Pizza Place,Park,Diner,Deli / Bodega,Donut Shop,Baseball Field,Mexican Restaurant,Sandwich Place,Coffee Shop,Bus Station,Bank,Botanical Garden,Gym,Spanish Restaurant,Grocery Store,Supermarket,Garden,Discount Store,Café,Chinese Restaurant
17,2017,Bedford Stuyvesant,Coffee Shop,Café,Pizza Place,Bar,Wine Shop,Deli / Bodega,Caribbean Restaurant,Mexican Restaurant,Chinese Restaurant,Garden,Fried Chicken Joint,Cocktail Bar,Discount Store,Boutique,Juice Bar,Southern / Soul Food Restaurant,Speakeasy,Brazilian Restaurant,Pool,Seafood Restaurant
18,2017,Beechhurst,Italian Restaurant,Pizza Place,Donut Shop,Deli / Bodega,Supermarket,Pharmacy,Bus Station,Gym / Fitness Center,Park,Japanese Restaurant,Eye Doctor,Bakery,Bank,Toy / Game Store,Martial Arts Dojo,Butcher,Optical Shop,Spa,South American Restaurant,Gym
19,2017,Bellaire,Pizza Place,Park,Bus Station,Donut Shop,Fast Food Restaurant,Deli / Bodega,Intersection,Baseball Field,Gym,Italian Restaurant,Convenience Store,Greek Restaurant,Bagel Shop,Pharmacy,Coffee Shop,Rental Car Location,Chinese Restaurant,Farmers Market,Tanning Salon,Gas Station
20,2017,Belle Harbor,Beach,Spa,Pub,Deli / Bodega,Smoke Shop,Mexican Restaurant,Event Space,Bakery,Bagel Shop,Pharmacy,Bed & Breakfast,Donut Shop,Harbor / Marina,Italian Restaurant,Food,Falafel Restaurant,Fried Chicken Joint,French Restaurant,Eye Doctor,Fountain
21,2017,Bellerose,Deli / Bodega,Mobile Phone Shop,Motel,Sandwich Place,Pizza Place,Bus Station,Grocery Store,Gym,Italian Restaurant,Chinese Restaurant,Paper / Office Supplies Store,Train,Food Truck,Pharmacy,Electronics Store,Bank,Bar,Food & Drink Shop,Massage Studio,Halal Restaurant
22,2017,Belmont,Italian Restaurant,Pizza Place,Bakery,Shoe Store,Deli / Bodega,Zoo,Latin American Restaurant,Café,Dessert Shop,Clothing Store,Fish Market,Food & Drink Shop,Pharmacy,Plaza,Spanish Restaurant,Mexican Restaurant,Bank,Diner,Liquor Store,Garden
23,2017,Bensonhurst,Bank,Pharmacy,Pizza Place,Bakery,Japanese Restaurant,Chinese Restaurant,Italian Restaurant,Mobile Phone Shop,Ice Cream Shop,Supplement Shop,Donut Shop,Sandwich Place,Bagel Shop,Sushi Restaurant,Liquor Store,Cantonese Restaurant,Dim Sum Restaurant,Coffee Shop,Supermarket,Bubble Tea Shop
24,2017,Bergen Beach,Japanese Restaurant,American Restaurant,Peruvian Restaurant,Pizza Place,Food,Stables,Baseball Field,Supermarket,Deli / Bodega,Italian Restaurant,Fountain,Filipino Restaurant,Exhibit,Fried Chicken Joint,Eye Doctor,Factory,Falafel Restaurant,Farm,Farmers Market,Fast Food Restaurant
25,2017,Blissville,Donut Shop,Bakery,Deli / Bodega,Rental Car Location,Chinese Restaurant,Pizza Place,Diner,Performing Arts Venue,Coffee Shop,Discount Store,Bus Station,Intersection,Caribbean Restaurant,Skating Rink,South American Restaurant,Spa,Seafood Restaurant,Sporting Goods Shop,Sandwich Place,Burger Joint
26,2017,Bloomfield,Baseball Field,Arcade,Sporting Goods Shop,Pizza Place,Park,Clothing Store,Gymnastics Gym,Skating Rink,Grocery Store,Café,Theme Park,Boxing Gym,Sports Club,Bus Stop,Recreation Center,Bus Station,Bagel Shop,Burger Joint,Rental Service,Department Store
27,2017,Boerum Hill,Coffee Shop,Bar,Bakery,Grocery Store,Cocktail Bar,Ice Cream Shop,Bookstore,Cosmetics Shop,Vietnamese Restaurant,Gym / Fitness Center,Sushi Restaurant,Furniture / Home Store,Flower Shop,Opera House,French Restaurant,Theater,Yoga Studio,Sandwich Place,Japanese Restaurant,Performing Arts Venue
28,2017,Borough Park,Pizza Place,Pharmacy,Bank,Deli / Bodega,Kids Store,Bakery,Coffee Shop,Sandwich Place,Restaurant,Supermarket,Cheese Shop,Chinese Restaurant,Bike Shop,Park,Grocery Store,Gym,Mexican Restaurant,Food Truck,Fast Food Restaurant,Candy Store
29,2017,Breezy Point,Trail,Surf Spot,American Restaurant,Beach,Park,Fish Market,Eye Doctor,Factory,Falafel Restaurant,Farm,Farmers Market,Fast Food Restaurant,Field,Filipino Restaurant,Film Studio,Fish & Chips Shop,Flower Shop,Flea Market,Event Space,Food
30,2017,Briarwood,Donut Shop,Pizza Place,Coffee Shop,Indian Restaurant,Sandwich Place,Pharmacy,Fast Food Restaurant,Bank,Diner,Liquor Store,Bus Stop,Chinese Restaurant,Latin American Restaurant,Sushi Restaurant,Supermarket,Deli / Bodega,Ice Cream Shop,Fried Chicken Joint,Pub,Bus Station
31,2017,Brighton Beach,Beach,Bakery,Restaurant,Russian Restaurant,Café,Food Truck,Grocery Store,Eastern European Restaurant,Supermarket,Mobile Phone Shop,Aquarium,Sushi Restaurant,Donut Shop,Seafood Restaurant,Gourmet Shop,Gym,Pharmacy,Park,Theater,Bank
32,2017,Broad Channel,Surf Spot,Dive Bar,Bagel Shop,Beach,Pizza Place,Playground,Chinese Restaurant,Sandwich Place,Food,Sporting Goods Shop,Metro Station,Deli / Bodega,Other Nightlife,Filipino Restaurant,Exhibit,Eye Doctor,Factory,Fried Chicken Joint,Falafel Restaurant,Farm
33,2017,Broadway Junction,Discount Store,Deli / Bodega,Fried Chicken Joint,Donut Shop,Sandwich Place,Latin American Restaurant,Supermarket,Bakery,Pizza Place,Playground,Chinese Restaurant,Diner,Bus Stop,Mexican Restaurant,Bar,Bus Station,Coffee Shop,Food,Grocery Store,Pharmacy
34,2017,Bronxdale,Pizza Place,Donut Shop,Bank,Italian Restaurant,Coffee Shop,Pharmacy,Sandwich Place,Deli / Bodega,Supermarket,Chinese Restaurant,Diner,Ice Cream Shop,Bakery,Smoke Shop,Park,Spanish Restaurant,Mexican Restaurant,Burger Joint,Gym,Grocery Store
35,2017,Brooklyn Heights,Park,Pizza Place,Coffee Shop,Yoga Studio,Italian Restaurant,Grocery Store,Middle Eastern Restaurant,Ice Cream Shop,Wine Shop,Burger Joint,Pier,Scenic Lookout,Gym,Bagel Shop,Café,History Museum,Cocktail Bar,Japanese Restaurant,Restaurant,Hotel
36,2017,Brookville,Deli / Bodega,Park,Fried Chicken Joint,Bus Stop,Gym,Clothing Store,Grocery Store,Bakery,Caribbean Restaurant,Train Station,Fast Food Restaurant,Sandwich Place,Construction & Landscaping,Donut Shop,Laundromat,Lake,Design Studio,Intersection,Recording Studio,Bus Station
37,2017,Brownsville,Discount Store,Pizza Place,Supermarket,Fried Chicken Joint,Mobile Phone Shop,Sandwich Place,Donut Shop,Pharmacy,Shoe Store,Caribbean Restaurant,Fast Food Restaurant,Spanish Restaurant,Gas Station,Cosmetics Shop,Fish Market,Plaza,Seafood Restaurant,Chinese Restaurant,Grocery Store,Gym
38,2017,Bulls Head,Baseball Field,Pizza Place,Chinese Restaurant,Sandwich Place,Deli / Bodega,Pharmacy,Italian Restaurant,Scenic Lookout,Diner,Tex-Mex Restaurant,Bank,Baseball Stadium,Coffee Shop,Mattress Store,Park,Thai Restaurant,Tattoo Parlor,Liquor Store,Gift Shop,Smoke Shop
39,2017,Bushwick,Bar,Coffee Shop,Mexican Restaurant,Cocktail Bar,Pizza Place,Deli / Bodega,Grocery Store,Music Venue,Latin American Restaurant,Dive Bar,Record Shop,Pet Store,Italian Restaurant,Taco Place,Yoga Studio,Wine Shop,Bagel Shop,Theater,Comfort Food Restaurant,Cuban Restaurant
40,2017,Butler Manor,Pool,Baseball Field,State / Provincial Park,Grocery Store,Convenience Store,Deli / Bodega,Factory,Falafel Restaurant,Farm,Fish & Chips Shop,Farmers Market,Fast Food Restaurant,Field,Filipino Restaurant,Eye Doctor,Film Studio,Zoo Exhibit,Flea Market,Fish Market,Event Space
41,2017,Cambria Heights,Caribbean Restaurant,Pharmacy,Cosmetics Shop,Donut Shop,Bus Station,Fast Food Restaurant,Bus Stop,Moving Target,Gas Station,Nightclub,Fried Chicken Joint,Supermarket,Storage Facility,Juice Bar,Liquor Store,Park,Chinese Restaurant,Pizza Place,Playground,Dry Cleaner
42,2017,Canarsie,Caribbean Restaurant,Pizza Place,Bank,Video Game Store,Grocery Store,Pharmacy,Food,Fast Food Restaurant,Gym,Gym / Fitness Center,Mobile Phone Shop,Chinese Restaurant,Bakery,Bagel Shop,Shop & Service,Fried Chicken Joint,Diner,Donut Shop,Deli / Bodega,Ice Cream Shop
43,2017,Carnegie Hill,Coffee Shop,Café,Bakery,Gym / Fitness Center,Yoga Studio,Pizza Place,Gym,Art Museum,Bar,Cocktail Bar,Bookstore,Wine Shop,Italian Restaurant,Juice Bar,American Restaurant,Grocery Store,Indian Restaurant,Salon / Barbershop,French Restaurant,Japanese Restaurant
44,2017,Carroll Gardens,Coffee Shop,Italian Restaurant,Bakery,Bar,Pizza Place,Ice Cream Shop,Cocktail Bar,Yoga Studio,Spa,Wine Shop,Food & Drink Shop,Gift Shop,Thai Restaurant,Wine Bar,Gym / Fitness Center,Record Shop,Sports Bar,Music Venue,French Restaurant,Gaming Cafe
45,2017,Castle Hill,Bus Stop,Diner,Supermarket,Baseball Field,Mobile Phone Shop,Pharmacy,Automotive Shop,Trail,Market,Bank,Motel,Bus Station,Other Nightlife,Gym / Fitness Center,Grocery Store,Mexican Restaurant,Clothing Store,Shopping Mall,Park,Miscellaneous Shop
46,2017,Castleton Corners,Pizza Place,Donut Shop,Liquor Store,Chinese Restaurant,Bank,Pharmacy,Sandwich Place,Ice Cream Shop,Bagel Shop,Italian Restaurant,Diner,Deli / Bodega,Sushi Restaurant,Beer Garden,Bakery,Bar,Optical Shop,Mexican Restaurant,Mini Golf,Dessert Shop
47,2017,Central Harlem,Southern / Soul Food Restaurant,Café,African Restaurant,American Restaurant,French Restaurant,Bar,Seafood Restaurant,Cocktail Bar,Pizza Place,Lounge,Sushi Restaurant,Theater,Gym,Wine Shop,Yoga Studio,Caribbean Restaurant,Indian Restaurant,Mexican Restaurant,Boutique,Arts & Crafts Store
48,2017,Charleston,Italian Restaurant,Cosmetics Shop,Bakery,Pizza Place,Coffee Shop,Gym / Fitness Center,American Restaurant,Big Box Store,Recreation Center,Diner,Grocery Store,Café,Toll Plaza,Gift Shop,German Restaurant,Breakfast Spot,Supplement Shop,Music Venue,Burger Joint,Sporting Goods Shop
49,2017,Chelsea,Art Gallery,Coffee Shop,Park,Bakery,Hotel,Gym,Baseball Field,Bar,Gym / Fitness Center,Café,Italian Restaurant,Bagel Shop,American Restaurant,Deli / Bodega,Market,Clothing Store,New American Restaurant,Roof Deck,Ice Cream Shop,Recreation Center
50,2017,Chinatown,Ice Cream Shop,Chinese Restaurant,Bakery,Sandwich Place,Coffee Shop,Cocktail Bar,Wine Bar,Café,Salon / Barbershop,Mexican Restaurant,Vegetarian / Vegan Restaurant,Bar,Pizza Place,French Restaurant,Shoe Store,Spa,Hotel,Hotpot Restaurant,Thai Restaurant,Cosmetics Shop
51,2017,City Island,Seafood Restaurant,Harbor / Marina,Italian Restaurant,Boat or Ferry,American Restaurant,Grocery Store,Thrift / Vintage Store,Bar,Deli / Bodega,Park,Baseball Field,Bank,Pizza Place,Chinese Restaurant,Pharmacy,Japanese Restaurant,History Museum,Tapas Restaurant,Jewelry Store,Music Venue
52,2017,City Line,Pizza Place,Donut Shop,Fast Food Restaurant,Chinese Restaurant,Supermarket,Grocery Store,Latin American Restaurant,Ice Cream Shop,Shoe Store,Fried Chicken Joint,Park,Bank,South American Restaurant,Burger Joint,Pharmacy,Liquor Store,Sandwich Place,Seafood Restaurant,Gas Station,Clothing Store
53,2017,Civic Center,Coffee Shop,Hotel,Cocktail Bar,American Restaurant,Spa,Gym / Fitness Center,Italian Restaurant,Men's Store,Burger Joint,Bakery,Café,Jewelry Store,French Restaurant,Chinese Restaurant,Park,Gym,Cosmetics Shop,Playground,Ice Cream Shop,Furniture / Home Store
54,2017,Claremont Village,Discount Store,Donut Shop,Grocery Store,Pizza Place,Ice Cream Shop,Fast Food Restaurant,Gym,Deli / Bodega,Caribbean Restaurant,Park,Farmers Market,Farm,Fish & Chips Shop,Falafel Restaurant,Field,Factory,Filipino Restaurant,Film Studio,Zoo Exhibit,Fish Market
55,2017,Clason Point,Pool,Discount Store,South American Restaurant,Grocery Store,Bus Stop,Gym / Fitness Center,Park,Convenience Store,Filipino Restaurant,Field,Zoo Exhibit,Fast Food Restaurant,Farm,Falafel Restaurant,Factory,Eye Doctor,Farmers Market,Fish & Chips Shop,Film Studio,Event Space
56,2017,Clifton,Sandwich Place,Pizza Place,Mexican Restaurant,Grocery Store,Beach,Pharmacy,Bar,Intersection,Italian Restaurant,Discount Store,Gym,Sri Lankan Restaurant,Miscellaneous Shop,Gastropub,Breakfast Spot,Supermarket,Department Store,Nail Salon,Storage Facility,Restaurant
57,2017,Clinton,Hotel,Wine Shop,Theater,Gym / Fitness Center,Coffee Shop,American Restaurant,Italian Restaurant,Gym,Burger Joint,Bakery,Cocktail Bar,Gift Shop,Ethiopian Restaurant,Park,Peruvian Restaurant,Furniture / Home Store,Bar,Thai Restaurant,Indie Theater,Sandwich Place
58,2017,Clinton Hill,Italian Restaurant,Pizza Place,Coffee Shop,Wine Shop,Thai Restaurant,Playground,Yoga Studio,Japanese Restaurant,Cocktail Bar,Mexican Restaurant,Restaurant,Park,Bagel Shop,Café,French Restaurant,Diner,Gourmet Shop,Indian Restaurant,History Museum,Vietnamese Restaurant
59,2017,Co-op City,Pizza Place,Department Store,Mobile Phone Shop,Shopping Mall,Pharmacy,Bus Station,Donut Shop,Bakery,Clothing Store,Fast Food Restaurant,Chinese Restaurant,Mattress Store,Kids Store,Furniture / Home Store,Music Venue,Caribbean Restaurant,Accessories Store,Discount Store,Mexican Restaurant,Deli / Bodega
60,2017,Cobble Hill,Coffee Shop,Italian Restaurant,Cocktail Bar,Bar,Bakery,Pizza Place,Yoga Studio,Wine Shop,Bookstore,Restaurant,Middle Eastern Restaurant,Gift Shop,Gourmet Shop,Men's Store,Bagel Shop,Grocery Store,Optical Shop,Seafood Restaurant,American Restaurant,Playground
61,2017,College Point,Pizza Place,Department Store,Deli / Bodega,Donut Shop,Discount Store,Gym,Bank,Karaoke Bar,Supermarket,Chinese Restaurant,Coffee Shop,Park,Latin American Restaurant,Pharmacy,Convenience Store,Bakery,Diner,Café,Big Box Store,Mexican Restaurant
62,2017,Concord,Bus Stop,Italian Restaurant,Grocery Store,Bakery,Deli / Bodega,Pizza Place,Pharmacy,Hardware Store,Indian Restaurant,Japanese Restaurant,Bank,Tattoo Parlor,Jewelry Store,Spanish Restaurant,Coffee Shop,Salon / Barbershop,Donut Shop,Gym / Fitness Center,Playground,Ice Cream Shop
63,2017,Concourse,Grocery Store,Pharmacy,Fast Food Restaurant,Chinese Restaurant,Park,Deli / Bodega,Donut Shop,Pizza Place,Gym,Bus Station,Fried Chicken Joint,Ice Cream Shop,Discount Store,Diner,Mexican Restaurant,Bar,Mobile Phone Shop,Supermarket,Restaurant,Caribbean Restaurant
64,2017,Concourse Village,Sandwich Place,Pizza Place,Deli / Bodega,Donut Shop,Grocery Store,Mexican Restaurant,Fast Food Restaurant,Park,Mobile Phone Shop,Pharmacy,Diner,Gym,Art Gallery,Supermarket,Sports Bar,Spanish Restaurant,Kids Store,Smoke Shop,Ice Cream Shop,Caribbean Restaurant
65,2017,Coney Island,Theme Park Ride / Attraction,Theme Park,Beach,Hot Dog Joint,Deli / Bodega,Pizza Place,Bus Station,Arcade,Liquor Store,Supermarket,Bar,Baseball Stadium,Fried Chicken Joint,Caribbean Restaurant,Chinese Restaurant,Ice Cream Shop,Park,Pharmacy,Gift Shop,Go Kart Track
66,2017,Corona,Food Truck,Pizza Place,Mexican Restaurant,Italian Restaurant,Science Museum,Argentinian Restaurant,Park,Restaurant,South American Restaurant,Deli / Bodega,Donut Shop,Pharmacy,Ice Cream Shop,Convenience Store,Candy Store,Latin American Restaurant,Bus Station,Museum,Basketball Court,Liquor Store
67,2017,Country Club,Sandwich Place,Italian Restaurant,Bakery,Bank,Pizza Place,Dive Bar,Donut Shop,Pharmacy,Diner,Deli / Bodega,Mexican Restaurant,Fast Food Restaurant,Track,Bar,Harbor / Marina,Bus Station,Beach,Thai Restaurant,Metro Station,Mobile Phone Shop
68,2017,Crown Heights,Café,Caribbean Restaurant,Southern / Soul Food Restaurant,Pizza Place,Coffee Shop,Deli / Bodega,Bagel Shop,Bar,Cocktail Bar,Bakery,Grocery Store,Japanese Restaurant,Playground,Museum,Fried Chicken Joint,Lounge,Supermarket,Sushi Restaurant,Juice Bar,Convenience Store
69,2017,Cypress Hills,Latin American Restaurant,Fast Food Restaurant,Grocery Store,Donut Shop,Shoe Store,Ice Cream Shop,Sandwich Place,Discount Store,Pizza Place,Chinese Restaurant,Mobile Phone Shop,Gym,Metro Station,Gym / Fitness Center,Big Box Store,Ski Area,Tennis Court,Bank,Seafood Restaurant,South American Restaurant
70,2017,Ditmas Park,Caribbean Restaurant,Mexican Restaurant,Pizza Place,Grocery Store,Bar,Coffee Shop,Indian Restaurant,Mobile Phone Shop,Thai Restaurant,Lounge,Bank,Gym,Latin American Restaurant,Wine Shop,Discount Store,Burger Joint,Health Food Store,Sandwich Place,Clothing Store,Chinese Restaurant
71,2017,Dongan Hills,Italian Restaurant,Pizza Place,Bank,Deli / Bodega,Ice Cream Shop,Sushi Restaurant,Bus Stop,Train Station,Bagel Shop,Sandwich Place,Flower Shop,Fast Food Restaurant,Donut Shop,Diner,Coffee Shop,Greek Restaurant,Mexican Restaurant,Japanese Restaurant,Bar,Mattress Store
72,2017,Douglaston,Italian Restaurant,Chinese Restaurant,Deli / Bodega,Bank,Spa,Train Station,Coffee Shop,Greek Restaurant,Japanese Restaurant,Bakery,Frozen Yogurt Shop,Park,Food,Sports Bar,Lounge,Sandwich Place,Fast Food Restaurant,Martial Arts Dojo,Farmers Market,Bubble Tea Shop
73,2017,Downtown,Coffee Shop,French Restaurant,Grocery Store,Bakery,Burger Joint,Gym / Fitness Center,Bar,Sandwich Place,Opera House,Sushi Restaurant,Cocktail Bar,Japanese Restaurant,Furniture / Home Store,Bagel Shop,Gym,Ice Cream Shop,Performing Arts Venue,Wine Shop,Theater,Pizza Place
74,2017,Dumbo,Park,Coffee Shop,Scenic Lookout,American Restaurant,Bar,Ice Cream Shop,Bakery,Art Gallery,Other Great Outdoors,Roof Deck,Boat or Ferry,Bookstore,Boxing Gym,Gym,Bridge,Italian Restaurant,Pizza Place,Yoga Studio,Café,Bistro
75,2017,Dyker Heights,Bagel Shop,Cosmetics Shop,Pizza Place,Chinese Restaurant,Gym / Fitness Center,Sandwich Place,American Restaurant,Italian Restaurant,Bar,Bakery,Department Store,Deli / Bodega,Pub,Donut Shop,Middle Eastern Restaurant,Mexican Restaurant,Diner,Japanese Restaurant,Spanish Restaurant,Mobile Phone Shop
76,2017,East Elmhurst,Airport Service,Pizza Place,Café,Rental Car Location,Hotel,Latin American Restaurant,Bakery,Donut Shop,Coffee Shop,Gas Station,Airport Lounge,Hotel Bar,Spanish Restaurant,Ice Cream Shop,Deli / Bodega,Fast Food Restaurant,Seafood Restaurant,Gourmet Shop,Bistro,Mexican Restaurant
77,2017,East Flatbush,Discount Store,Caribbean Restaurant,Supermarket,Lounge,Music Venue,Performing Arts Venue,Grocery Store,Check Cashing Service,Pharmacy,Bakery,Park,Fast Food Restaurant,Liquor Store,Sandwich Place,Gym,Cosmetics Shop,Storage Facility,Convenience Store,Nightclub,Business Service
78,2017,East Harlem,Café,Mexican Restaurant,Pizza Place,Bakery,Plaza,Cocktail Bar,Deli / Bodega,Gym,Coffee Shop,Italian Restaurant,Thai Restaurant,Latin American Restaurant,Fountain,Park,Chinese Restaurant,Art Museum,Taco Place,Moroccan Restaurant,Spanish Restaurant,Spa
79,2017,East New York,Chinese Restaurant,Pizza Place,Supermarket,Metro Station,Pharmacy,Playground,Video Game Store,Fried Chicken Joint,Food Truck,Park,Caribbean Restaurant,Grocery Store,Market,Plaza,Art Gallery,Sandwich Place,Bakery,Discount Store,Donut Shop,Yoga Studio
80,2017,East Tremont,Pizza Place,Donut Shop,Fast Food Restaurant,Park,Bank,Sandwich Place,Zoo Exhibit,Discount Store,Fried Chicken Joint,Lounge,Mobile Phone Shop,Supermarket,Breakfast Spot,Grocery Store,Zoo,Shoe Store,Shopping Mall,Garden,Theme Park Ride / Attraction,Theme Park
81,2017,East Village,Cocktail Bar,Pizza Place,Bar,Coffee Shop,Vegetarian / Vegan Restaurant,Ice Cream Shop,Wine Bar,Dessert Shop,Korean Restaurant,Greek Restaurant,Bakery,Bagel Shop,Sake Bar,Asian Restaurant,Garden,Juice Bar,Vietnamese Restaurant,Café,Japanese Restaurant,Italian Restaurant
82,2017,East Williamsburg,Coffee Shop,Bar,Bakery,Cocktail Bar,Deli / Bodega,Thrift / Vintage Store,Italian Restaurant,Café,Vegetarian / Vegan Restaurant,Concert Hall,Sandwich Place,Thai Restaurant,Mexican Restaurant,Gay Bar,New American Restaurant,Brewery,Pizza Place,Japanese Restaurant,Performing Arts Venue,Fried Chicken Joint
83,2017,Eastchester,Caribbean Restaurant,Diner,Fast Food Restaurant,Shopping Mall,Deli / Bodega,Grocery Store,Supplement Shop,Asian Restaurant,Bakery,Gas Station,Mobile Phone Shop,Sandwich Place,Pharmacy,Donut Shop,Discount Store,Burger Joint,Supermarket,Gym,Bowling Alley,Gym / Fitness Center
84,2017,Edenwald,Pizza Place,Fast Food Restaurant,Gas Station,Supermarket,Caribbean Restaurant,Bakery,Convenience Store,Pharmacy,Sandwich Place,Donut Shop,Fried Chicken Joint,Grocery Store,Playground,Park,Automotive Shop,Other Nightlife,Bus Station,Food Truck,Mobile Phone Shop,Bar
85,2017,Edgemere,Pizza Place,Metro Station,Park,Supermarket,Hotel,Chinese Restaurant,Skate Park,Grocery Store,Farm,Seafood Restaurant,Gift Shop,Scenic Lookout,Asian Restaurant,Spa,Donut Shop,Home Service,Beach,Bus Station,Deli / Bodega,Ice Cream Shop
86,2017,Edgewater Park,Italian Restaurant,Pizza Place,Deli / Bodega,Bar,Diner,Donut Shop,Chinese Restaurant,Bookstore,Fast Food Restaurant,Tennis Court,Spa,Asian Restaurant,Park,Mexican Restaurant,Coffee Shop,Baseball Field,Sushi Restaurant,Pharmacy,Sports Bar,Liquor Store
87,2017,Egbertville,Deli / Bodega,Trail,Bagel Shop,Art Museum,Cosmetics Shop,Clothing Store,Park,Flower Shop,Convenience Store,Mexican Restaurant,Italian Restaurant,Burger Joint,Gas Station,Food Truck,Filipino Restaurant,Eye Doctor,Fried Chicken Joint,Factory,Falafel Restaurant,Farm
88,2017,Elm Park,Pizza Place,Bus Stop,Fast Food Restaurant,Chinese Restaurant,Cosmetics Shop,Convenience Store,Deli / Bodega,Bakery,Sandwich Place,Pet Store,Liquor Store,Asian Restaurant,Grocery Store,Mobile Phone Shop,Bank,Shipping Store,Sushi Restaurant,Breakfast Spot,Gym,Supermarket
89,2017,Elmhurst,Thai Restaurant,Bakery,Mexican Restaurant,South American Restaurant,Chinese Restaurant,Indian Restaurant,Food Truck,Bubble Tea Shop,Coffee Shop,Indonesian Restaurant,Vietnamese Restaurant,Argentinian Restaurant,Bar,Arepa Restaurant,Grocery Store,Deli / Bodega,Pizza Place,Latin American Restaurant,Diner,Tibetan Restaurant
90,2017,Eltingville,Pizza Place,Sushi Restaurant,Italian Restaurant,Pharmacy,Sandwich Place,Bagel Shop,Bank,Fast Food Restaurant,Ice Cream Shop,Spa,Gastropub,Gourmet Shop,Breakfast Spot,Deli / Bodega,Chinese Restaurant,Gym,Coffee Shop,Bar,Supermarket,Butcher
91,2017,Emerson Hill,Bagel Shop,Deli / Bodega,Park,Pharmacy,Italian Restaurant,Playground,Market,Theater,Pizza Place,Automotive Shop,Grocery Store,Indian Restaurant,Food,American Restaurant,Gym,Farmers Market,Falafel Restaurant,Factory,Eye Doctor,Farm
92,2017,Erasmus,Caribbean Restaurant,Discount Store,Pharmacy,Mobile Phone Shop,Pizza Place,Lounge,Bank,Juice Bar,Grocery Store,Mexican Restaurant,Chinese Restaurant,Supermarket,Gym,Fried Chicken Joint,Bakery,Food Truck,Liquor Store,Health Food Store,Gym / Fitness Center,Indian Restaurant
93,2017,Far Rockaway,Chinese Restaurant,Pizza Place,Donut Shop,Bank,Sandwich Place,Home Service,Caribbean Restaurant,Supermarket,Pet Store,Pharmacy,Fast Food Restaurant,Moving Target,Playground,Beach,Gas Station,Fried Chicken Joint,Ice Cream Shop,Storage Facility,Breakfast Spot,Discount Store
94,2017,Fieldston,Bar,Pizza Place,Bus Station,Park,Mexican Restaurant,Plaza,Deli / Bodega,Sandwich Place,Playground,Greek Restaurant,Bagel Shop,Bakery,Bank,Shopping Mall,Intersection,Chinese Restaurant,Fast Food Restaurant,Tapas Restaurant,Garden,Sushi Restaurant
95,2017,Financial District,Coffee Shop,American Restaurant,Hotel,Pizza Place,Memorial Site,Cocktail Bar,Park,Gym / Fitness Center,Falafel Restaurant,Gym,Plaza,Italian Restaurant,Mexican Restaurant,Wine Shop,Monument / Landmark,Steakhouse,Bar,Food Truck,Café,Pedestrian Plaza
96,2017,Flatbush,Pizza Place,Caribbean Restaurant,Mexican Restaurant,Bar,Coffee Shop,Ice Cream Shop,Middle Eastern Restaurant,Restaurant,Café,Health Food Store,Mobile Phone Shop,Discount Store,Deli / Bodega,Indian Restaurant,Burger Joint,Thai Restaurant,Juice Bar,Cosmetics Shop,Halal Restaurant,Gym
97,2017,Flatiron,Gym / Fitness Center,Yoga Studio,New American Restaurant,Cycle Studio,American Restaurant,Mediterranean Restaurant,Hotel,Italian Restaurant,Wine Shop,Japanese Restaurant,Vegetarian / Vegan Restaurant,Park,Café,Juice Bar,Coffee Shop,Arts & Crafts Store,Cosmetics Shop,Furniture / Home Store,Speakeasy,Spa
98,2017,Flatlands,Caribbean Restaurant,Discount Store,Supermarket,Fried Chicken Joint,Park,Pharmacy,Chinese Restaurant,Gym,Mobile Phone Shop,Fast Food Restaurant,Deli / Bodega,Lounge,Donut Shop,Pizza Place,Music Venue,Diner,Grocery Store,Miscellaneous Shop,Convenience Store,Moving Target
99,2017,Floral Park,Indian Restaurant,Pharmacy,Bank,Ice Cream Shop,Grocery Store,Food Truck,Bus Station,Supermarket,Coffee Shop,Sandwich Place,Pizza Place,Convenience Store,Donut Shop,Bakery,Intersection,Fast Food Restaurant,Middle Eastern Restaurant,Gym / Fitness Center,Halal Restaurant,Mobile Phone Shop
100,2017,Flushing,Chinese Restaurant,Bubble Tea Shop,Hotpot Restaurant,Dumpling Restaurant,Korean Restaurant,Bakery,Karaoke Bar,Food Court,Vietnamese Restaurant,Pizza Place,Supermarket,Ice Cream Shop,Fried Chicken Joint,Szechuan Restaurant,Gift Shop,Tea Room,Asian Restaurant,Food Truck,Food Stand,Grocery Store
101,2017,Fordham,Italian Restaurant,Pizza Place,Spanish Restaurant,Deli / Bodega,Diner,Donut Shop,Mobile Phone Shop,Coffee Shop,Dessert Shop,Liquor Store,Shoe Store,Bakery,Supplement Shop,Latin American Restaurant,Fish Market,Fast Food Restaurant,Gym,Video Game Store,Park,Sandwich Place
102,2017,Forest Hills,Bakery,Sandwich Place,Bagel Shop,Sushi Restaurant,Park,Bar,Gym / Fitness Center,Chinese Restaurant,Grocery Store,Snack Place,Seafood Restaurant,Asian Restaurant,Food Truck,Japanese Restaurant,Bank,Italian Restaurant,Cosmetics Shop,Mexican Restaurant,Yoga Studio,Donut Shop
103,2017,Forest Hills Gardens,Bakery,Pizza Place,Park,Yoga Studio,Ice Cream Shop,Japanese Restaurant,New American Restaurant,Food Truck,Bagel Shop,Turkish Restaurant,Seafood Restaurant,Bar,Burger Joint,Coffee Shop,Italian Restaurant,Cosmetics Shop,Greek Restaurant,Boxing Gym,Mexican Restaurant,Sushi Restaurant
104,2017,Fort Greene,Italian Restaurant,Coffee Shop,Playground,Pizza Place,Bar,Cocktail Bar,Thai Restaurant,Flower Shop,Theater,Grocery Store,Bookstore,French Restaurant,Southern / Soul Food Restaurant,Café,Sandwich Place,Opera House,Gourmet Shop,Diner,Wine Bar,Wine Shop
105,2017,Fort Hamilton,Pizza Place,Italian Restaurant,Bar,Spa,Japanese Restaurant,Gym / Fitness Center,Bagel Shop,Chinese Restaurant,Sandwich Place,Department Store,Cocktail Bar,Bakery,Café,Sushi Restaurant,Supplement Shop,Scenic Lookout,Greek Restaurant,Middle Eastern Restaurant,Coffee Shop,Convenience Store
106,2017,Fox Hills,Deli / Bodega,Spanish Restaurant,Pharmacy,Indian Restaurant,Chinese Restaurant,Train Station,Grocery Store,Park,Sandwich Place,Business Service,Bus Stop,Hardware Store,Discount Store,Intersection,Food,Farmers Market,Food Truck,Exhibit,Eye Doctor,Factory
107,2017,Fresh Meadows,Chinese Restaurant,Pizza Place,Bank,Hotel,Playground,American Restaurant,Bus Station,Pharmacy,Bagel Shop,Ice Cream Shop,Kids Store,Cosmetics Shop,Gym,Park,Bakery,Coffee Shop,Juice Bar,Sandwich Place,Restaurant,Shopping Mall
108,2017,Fulton Ferry,Park,Coffee Shop,Scenic Lookout,American Restaurant,Bridge,Bakery,Bookstore,Ice Cream Shop,Seafood Restaurant,Playground,Gym,Boat or Ferry,Roof Deck,Art Gallery,Boxing Gym,Sushi Restaurant,Italian Restaurant,Pier,Yoga Studio,Pizza Place
109,2017,Georgetown,Bank,Chinese Restaurant,Deli / Bodega,Discount Store,Italian Restaurant,Supermarket,Donut Shop,American Restaurant,Pizza Place,Pharmacy,Bagel Shop,Breakfast Spot,Gym,Miscellaneous Shop,Bus Station,Sandwich Place,Mobile Phone Shop,Japanese Restaurant,Grocery Store,Café
110,2017,Gerritsen Beach,Donut Shop,Russian Restaurant,Bar,Sandwich Place,Harbor / Marina,Italian Restaurant,Ice Cream Shop,Bagel Shop,Playground,Seafood Restaurant,Pizza Place,Convenience Store,Deli / Bodega,Sushi Restaurant,Basketball Court,Movie Theater,Gym,Scenic Lookout,Grocery Store,Beach
111,2017,Glen Oaks,Indian Restaurant,Grocery Store,Diner,American Restaurant,Bank,Park,Mattress Store,Pet Store,Sandwich Place,Museum,Bagel Shop,Soccer Field,Pharmacy,Gym / Fitness Center,Pakistani Restaurant,Mobile Phone Shop,Gift Shop,Shoe Store,Middle Eastern Restaurant,Golf Course
112,2017,Glendale,Pizza Place,Furniture / Home Store,Discount Store,Ice Cream Shop,German Restaurant,Department Store,Deli / Bodega,Gym,Bar,American Restaurant,Sandwich Place,Kids Store,Bagel Shop,Nail Salon,Movie Theater,Brewery,Restaurant,Golf Course,Bus Stop,Gourmet Shop
113,2017,Gowanus,Coffee Shop,Bar,Brewery,Wine Shop,Mexican Restaurant,Italian Restaurant,Pizza Place,Cocktail Bar,Park,Furniture / Home Store,Bagel Shop,Spa,Food Truck,Greek Restaurant,Thai Restaurant,Gym,Ice Cream Shop,Record Shop,Eastern European Restaurant,Street Food Gathering
114,2017,Gramercy,American Restaurant,New American Restaurant,Juice Bar,Park,Bar,Coffee Shop,Indian Restaurant,Italian Restaurant,Cosmetics Shop,Café,Mediterranean Restaurant,Gourmet Shop,Restaurant,Pizza Place,Art Gallery,Grocery Store,Vegetarian / Vegan Restaurant,Furniture / Home Store,Bagel Shop,Farmers Market
115,2017,Graniteville,Pizza Place,Diner,Chinese Restaurant,Video Store,Intersection,Playground,Fast Food Restaurant,Ice Cream Shop,Baseball Field,Grocery Store,Men's Store,Sandwich Place,Convenience Store,Furniture / Home Store,Supplement Shop,Thai Restaurant,Sushi Restaurant,Middle Eastern Restaurant,Food Truck,Liquor Store
116,2017,Grant City,Bus Stop,Pizza Place,Italian Restaurant,Fast Food Restaurant,American Restaurant,Coffee Shop,Convenience Store,Mexican Restaurant,Dessert Shop,Automotive Shop,Asian Restaurant,Kids Store,Dim Sum Restaurant,Deli / Bodega,Bakery,Bank,Gym,Flower Shop,Grocery Store,Salon / Barbershop
117,2017,Grasmere,Italian Restaurant,Bus Stop,Pizza Place,Deli / Bodega,Grocery Store,Pharmacy,Bakery,Liquor Store,Gym / Fitness Center,Bank,Tattoo Parlor,Supermarket,Japanese Restaurant,Chinese Restaurant,Coffee Shop,Scenic Lookout,Salon / Barbershop,Cosmetics Shop,Restaurant,Jewelry Store
118,2017,Gravesend,Donut Shop,Pizza Place,Bakery,Deli / Bodega,Bagel Shop,Bank,Bar,Chinese Restaurant,Pool Hall,Grocery Store,Lounge,Pharmacy,Plaza,Gym / Fitness Center,Electronics Store,Baseball Field,Dim Sum Restaurant,Mexican Restaurant,Gym,Park
119,2017,Great Kills,Italian Restaurant,Pizza Place,Ice Cream Shop,Bus Stop,Supermarket,Sushi Restaurant,Chinese Restaurant,Bar,Bagel Shop,Pharmacy,Donut Shop,Seafood Restaurant,Burger Joint,Japanese Restaurant,Grocery Store,Shipping Store,Harbor / Marina,Bank,Spa,Dessert Shop
120,2017,Greenpoint,Bar,Cocktail Bar,Coffee Shop,Yoga Studio,Pizza Place,Café,Polish Restaurant,Bakery,Mexican Restaurant,French Restaurant,Bagel Shop,Sushi Restaurant,Gym / Fitness Center,Scenic Lookout,New American Restaurant,Italian Restaurant,Restaurant,Wine Bar,Sandwich Place,Gastropub
121,2017,Greenridge,Pizza Place,Bagel Shop,Pharmacy,Sandwich Place,Ice Cream Shop,Shipping Store,Video Store,Coffee Shop,Trail,Fast Food Restaurant,Movie Theater,Chinese Restaurant,Doctor's Office,Video Game Store,Donut Shop,Discount Store,Bus Station,Wings Joint,Italian Restaurant,Wine Shop
122,2017,Greenwich Village,Italian Restaurant,Pizza Place,Seafood Restaurant,Sushi Restaurant,Café,Sandwich Place,Mediterranean Restaurant,Gym,Cosmetics Shop,Men's Store,Japanese Restaurant,French Restaurant,Bookstore,American Restaurant,Spa,Cheese Shop,Indie Movie Theater,Caribbean Restaurant,Cocktail Bar,Beer Store
123,2017,Grymes Hill,Sandwich Place,Park,Deli / Bodega,Restaurant,Spanish Restaurant,Dog Run,Pizza Place,Discount Store,Bus Stop,Beer Bar,American Restaurant,Intersection,Gym,Golf Course,Farmers Market,Fast Food Restaurant,Farm,Falafel Restaurant,Field,Factory
124,2017,Hamilton Heights,Coffee Shop,Mexican Restaurant,Bar,Café,Park,Yoga Studio,Sushi Restaurant,Deli / Bodega,Ethiopian Restaurant,American Restaurant,Pizza Place,School,Caribbean Restaurant,Food Truck,Spanish Restaurant,Bakery,Boutique,Scenic Lookout,Chinese Restaurant,Cocktail Bar
125,2017,Hammels,Beach,Surf Spot,Taco Place,Bar,Pharmacy,Board Shop,Food Truck,Coffee Shop,Wine Bar,Fast Food Restaurant,Bakery,Pizza Place,Supermarket,Donut Shop,Bank,Burger Joint,Sandwich Place,Fried Chicken Joint,Caribbean Restaurant,Gym / Fitness Center
126,2017,Heartland Village,Clothing Store,Cosmetics Shop,Accessories Store,Pharmacy,Shoe Store,Mobile Phone Shop,Sandwich Place,Coffee Shop,Sporting Goods Shop,Furniture / Home Store,Department Store,Donut Shop,Bus Stop,Supplement Shop,Boutique,Electronics Store,Women's Store,Toy / Game Store,Bagel Shop,Men's Store
127,2017,High  Bridge,Baseball Stadium,Lounge,Bar,Park,Plaza,Liquor Store,History Museum,Athletics & Sports,Historic Site,Caribbean Restaurant,Smoke Shop,Soccer Field,BBQ Joint,Gift Shop,Track Stadium,Sandwich Place,Baseball Field,Hobby Shop,Snack Place,Steakhouse
128,2017,Highland Park,Latin American Restaurant,Fast Food Restaurant,Pizza Place,Ice Cream Shop,Gym / Fitness Center,Donut Shop,Intersection,Bakery,Gym,Chinese Restaurant,Grocery Store,Big Box Store,Bar,Tennis Court,Park,Sandwich Place,Fried Chicken Joint,Boutique,Video Game Store,Deli / Bodega
129,2017,Hillcrest,Fast Food Restaurant,Mobile Phone Shop,Coffee Shop,Pizza Place,Ice Cream Shop,College Academic Building,Sandwich Place,Bank,Sushi Restaurant,Bakery,Donut Shop,Bus Station,Japanese Restaurant,College Cafeteria,Baseball Field,Basketball Court,Market,Food Court,Gym,Mexican Restaurant
130,2017,Hollis,Pizza Place,Ice Cream Shop,Mobile Phone Shop,Latin American Restaurant,Sandwich Place,Donut Shop,Deli / Bodega,Fast Food Restaurant,Fried Chicken Joint,Park,Southern / Soul Food Restaurant,Grocery Store,Baseball Field,Shopping Mall,Train Station,Market,Lounge,Pharmacy,Supermarket,IT Services
131,2017,Holliswood,Playground,Chinese Restaurant,Intersection,Shopping Mall,Liquor Store,Fried Chicken Joint,Bus Station,Bakery,Park,Fast Food Restaurant,Pizza Place,Donut Shop,Convenience Store,Bank,Shipping Store,Sandwich Place,Caribbean Restaurant,Southern / Soul Food Restaurant,Dog Run,Supermarket
132,2017,Homecrest,Bank,Grocery Store,Pharmacy,Russian Restaurant,Donut Shop,Sandwich Place,Pizza Place,Bakery,Restaurant,Sushi Restaurant,Spa,Vietnamese Restaurant,Café,Chinese Restaurant,Japanese Restaurant,Ice Cream Shop,Mexican Restaurant,Mobile Phone Shop,Shoe Store,Bath House
133,2017,Howard Beach,Italian Restaurant,Ice Cream Shop,Pizza Place,Pharmacy,Bagel Shop,Bank,Sandwich Place,Pet Store,Spa,Chinese Restaurant,Fast Food Restaurant,American Restaurant,Park,Sushi Restaurant,Business Service,Bar,Other Repair Shop,Seafood Restaurant,Gym / Fitness Center,Coffee Shop
134,2017,Howland Hook,Harbor / Marina,Border Crossing,Lounge,Resort,Peruvian Restaurant,Food,Farmers Market,Filipino Restaurant,Field,Fast Food Restaurant,Zoo Exhibit,Farm,Fish & Chips Shop,Falafel Restaurant,Factory,Eye Doctor,Film Studio,Flea Market,Fish Market,Event Space
135,2017,Hudson Yards,Hotel,Theater,Gym / Fitness Center,Gym,Coffee Shop,Cocktail Bar,Indie Theater,Dance Studio,Art Gallery,Lounge,Italian Restaurant,Peruvian Restaurant,Food Court,American Restaurant,Furniture / Home Store,Wine Shop,Music Venue,Sporting Goods Shop,Music Store,Sports Bar
136,2017,Huguenot,Bank,Train Station,Park,Ice Cream Shop,Sandwich Place,Donut Shop,Italian Restaurant,Bridal Shop,Eye Doctor,Factory,Falafel Restaurant,Fish & Chips Shop,Farmers Market,Fast Food Restaurant,Field,Filipino Restaurant,Exhibit,Film Studio,Farm,Zoo Exhibit
137,2017,Hunters Point,Italian Restaurant,Café,Coffee Shop,Bar,American Restaurant,Brewery,Park,Gym / Fitness Center,Deli / Bodega,Japanese Restaurant,Dog Run,Thai Restaurant,Latin American Restaurant,Burger Joint,Mexican Restaurant,Scenic Lookout,Wine Bar,Yoga Studio,Music Venue,Gym
138,2017,Hunts Point,Park,Waste Facility,Juice Bar,Seafood Restaurant,Market,BBQ Joint,Bakery,Coffee Shop,Chinese Restaurant,Grocery Store,Paper / Office Supplies Store,Gourmet Shop,Farmers Market,Boat or Ferry,Spanish Restaurant,Café,Food,Bus Stop,Nightclub,Travel & Transport
139,2017,Inwood,Latin American Restaurant,Deli / Bodega,Wine Bar,Mexican Restaurant,Café,Restaurant,Pizza Place,Spanish Restaurant,Chinese Restaurant,Bakery,Lounge,Park,Art Museum,Seafood Restaurant,Coffee Shop,Playground,Frozen Yogurt Shop,American Restaurant,Pharmacy,Wine Shop
140,2017,Jackson Heights,Bakery,South American Restaurant,Indian Restaurant,Latin American Restaurant,Thai Restaurant,Food Truck,Mexican Restaurant,Peruvian Restaurant,Pizza Place,Diner,Coffee Shop,Grocery Store,Empanada Restaurant,Arepa Restaurant,Argentinian Restaurant,Bar,Spanish Restaurant,Farmers Market,Park,Salvadoran Restaurant
141,2017,Jamaica Center,Fried Chicken Joint,Caribbean Restaurant,Sandwich Place,Pharmacy,Bank,Mobile Phone Shop,Donut Shop,Pizza Place,Coffee Shop,Clothing Store,Indian Restaurant,Chinese Restaurant,Mexican Restaurant,Performing Arts Venue,Department Store,Fast Food Restaurant,Latin American Restaurant,Vegetarian / Vegan Restaurant,Southern / Soul Food Restaurant,American Restaurant
142,2017,Jamaica Estates,Fast Food Restaurant,Donut Shop,Fried Chicken Joint,Deli / Bodega,Chinese Restaurant,Indian Restaurant,Convenience Store,Supermarket,Bank,Coffee Shop,College Academic Building,Pharmacy,College Cafeteria,Colombian Restaurant,Southern / Soul Food Restaurant,Halal Restaurant,Bar,Thai Restaurant,Mobile Phone Shop,Sandwich Place
143,2017,Jamaica Hills,Fast Food Restaurant,Pharmacy,Donut Shop,Coffee Shop,Pizza Place,Bank,Chinese Restaurant,Clothing Store,Sandwich Place,Fried Chicken Joint,Bus Station,Mobile Phone Shop,Indian Restaurant,American Restaurant,Supermarket,Southern / Soul Food Restaurant,Mexican Restaurant,Halal Restaurant,Department Store,Ice Cream Shop
144,2017,Kensington,Pizza Place,Grocery Store,Gas Station,Café,Thai Restaurant,Deli / Bodega,Ice Cream Shop,Mexican Restaurant,Bakery,Spa,Coffee Shop,Middle Eastern Restaurant,Supermarket,Chinese Restaurant,Fast Food Restaurant,Indian Restaurant,Kids Store,Sandwich Place,Convenience Store,Playground
145,2017,Kew Gardens,Pizza Place,Gym / Fitness Center,Indian Restaurant,Coffee Shop,Juice Bar,Caribbean Restaurant,Bank,Market,Metro Station,Mexican Restaurant,Gourmet Shop,Movie Theater,Boxing Gym,New American Restaurant,Spa,South American Restaurant,Shop & Service,Park,Bagel Shop,Pet Service
146,2017,Kew Gardens Hills,Pizza Place,Bank,Sandwich Place,Bus Stop,Bus Station,Pharmacy,Liquor Store,Bar,Middle Eastern Restaurant,Sushi Restaurant,Chinese Restaurant,Trail,Donut Shop,Intersection,Electronics Store,Playground,Dance Studio,Bagel Shop,Dessert Shop,Grocery Store
147,2017,Kingsbridge,Pizza Place,Mexican Restaurant,Bar,Diner,Donut Shop,Coffee Shop,Sandwich Place,Bank,Supermarket,Park,Bakery,Bagel Shop,Latin American Restaurant,Trail,Gym,Spanish Restaurant,Burger Joint,Café,Deli / Bodega,Pharmacy
148,2017,Kingsbridge Heights,Gym,Supermarket,Chinese Restaurant,Coffee Shop,Diner,Latin American Restaurant,Spanish Restaurant,Park,Theater,Mexican Restaurant,Seafood Restaurant,History Museum,Pizza Place,Playground,Donut Shop,Juice Bar,Bakery,Yoga Studio,Vietnamese Restaurant,Department Store
149,2017,Laurelton,Caribbean Restaurant,Cosmetics Shop,Intersection,Park,Train Station,Donut Shop,Pharmacy,Bank,Fast Food Restaurant,Fried Chicken Joint,Grocery Store,Clothing Store,Supermarket,Bus Station,Jewelry Store,Smoke Shop,Chinese Restaurant,Sculpture Garden,Shipping Store,Food Truck
150,2017,Lefrak City,Cosmetics Shop,Coffee Shop,Clothing Store,Bakery,Department Store,Argentinian Restaurant,Shoe Store,Donut Shop,Restaurant,Supermarket,Sushi Restaurant,Lingerie Store,Mexican Restaurant,Bagel Shop,Toy / Game Store,Sandwich Place,Grocery Store,Liquor Store,Empanada Restaurant,Fast Food Restaurant
151,2017,Lenox Hill,Italian Restaurant,Cocktail Bar,Sushi Restaurant,Coffee Shop,Gym / Fitness Center,Burger Joint,Cycle Studio,Gym,Wine Bar,Café,Bakery,Spanish Restaurant,Bar,French Restaurant,Thai Restaurant,Dessert Shop,Vegetarian / Vegan Restaurant,Grocery Store,Women's Store,Restaurant
152,2017,Lighthouse Hill,Golf Course,Italian Restaurant,Bagel Shop,Art Museum,Trail,Cosmetics Shop,Café,Spa,History Museum,Ice Cream Shop,Fast Food Restaurant,Filipino Restaurant,Field,Farm,Farmers Market,Falafel Restaurant,Factory,Eye Doctor,Exhibit,Film Studio
153,2017,Lincoln Square,Coffee Shop,Plaza,Italian Restaurant,Jazz Club,Performing Arts Venue,Theater,Wine Bar,French Restaurant,Indie Movie Theater,Gym / Fitness Center,Gym,Concert Hall,Park,Bakery,Cycle Studio,Café,Spa,Food Truck,Sushi Restaurant,Hotel
154,2017,Lindenwood,Ice Cream Shop,Pizza Place,Bank,Chinese Restaurant,Pet Store,Bakery,Donut Shop,Italian Restaurant,Liquor Store,Pharmacy,Dance Studio,Restaurant,Cosmetics Shop,Convenience Store,Coffee Shop,Construction & Landscaping,Comfort Food Restaurant,Department Store,Clothing Store,Shoe Store
155,2017,Little Italy,Sandwich Place,Italian Restaurant,Cocktail Bar,Pizza Place,Yoga Studio,Women's Store,Café,Wine Bar,Bakery,Men's Store,Seafood Restaurant,Thai Restaurant,Salon / Barbershop,Clothing Store,Jewelry Store,Cosmetics Shop,Australian Restaurant,Vegetarian / Vegan Restaurant,Dessert Shop,Mediterranean Restaurant
156,2017,Little Neck,Chinese Restaurant,Italian Restaurant,Deli / Bodega,Bank,Coffee Shop,Spa,Mobile Phone Shop,Bagel Shop,Bakery,Japanese Restaurant,Donut Shop,Train Station,Greek Restaurant,Sandwich Place,Peruvian Restaurant,Lounge,Frozen Yogurt Shop,Gym,Grocery Store,Parking
157,2017,Long Island City,Coffee Shop,Hotel,Bar,Café,Gym,Brewery,Pizza Place,Italian Restaurant,Indian Restaurant,Deli / Bodega,Bubble Tea Shop,Indie Theater,Art Museum,Mexican Restaurant,Dessert Shop,Gym / Fitness Center,Climbing Gym,Office,Gym Pool,Thai Restaurant
158,2017,Longwood,Fast Food Restaurant,Grocery Store,Sandwich Place,Donut Shop,Pharmacy,Pizza Place,Chinese Restaurant,Latin American Restaurant,Discount Store,Mexican Restaurant,Bakery,Coffee Shop,Gym,Food Truck,Bus Stop,Mobile Phone Shop,Theater,Supermarket,Nightclub,Gift Shop
159,2017,Lower East Side,Italian Restaurant,Mexican Restaurant,Sandwich Place,Wine Shop,Café,Cocktail Bar,Coffee Shop,Juice Bar,Boutique,Garden,Bar,Bakery,Food Court,Latin American Restaurant,Shoe Store,Art Gallery,Asian Restaurant,Grocery Store,Pizza Place,Ice Cream Shop
160,2017,Madison,Pizza Place,Donut Shop,Mobile Phone Shop,Sushi Restaurant,Pharmacy,Bagel Shop,Bank,Grocery Store,Restaurant,Gourmet Shop,Department Store,Deli / Bodega,American Restaurant,Ice Cream Shop,Supplement Shop,Sporting Goods Shop,Track,Food Truck,Basketball Court,Gym
161,2017,Malba,Pizza Place,Cosmetics Shop,Discount Store,Chinese Restaurant,Bank,Bus Station,Coffee Shop,Diner,Ice Cream Shop,Gym,Park,Shopping Mall,Electronics Store,Clothing Store,Department Store,Big Box Store,Pharmacy,Gastropub,Fast Food Restaurant,Furniture / Home Store
162,2017,Manhattan Beach,Italian Restaurant,Turkish Restaurant,Dessert Shop,Sandwich Place,Seafood Restaurant,Café,Eastern European Restaurant,Russian Restaurant,Bus Stop,Bar,Restaurant,Performing Arts Venue,Creperie,Boat or Ferry,Grocery Store,Greek Restaurant,Gourmet Shop,Outlet Store,Beach,Lounge
163,2017,Manhattan Terrace,Pizza Place,Bank,Donut Shop,Sushi Restaurant,Bagel Shop,Grocery Store,Mobile Phone Shop,Pharmacy,Coffee Shop,Bakery,Fast Food Restaurant,Video Game Store,Convenience Store,Café,Department Store,Ice Cream Shop,Cosmetics Shop,Japanese Restaurant,Salad Place,Gourmet Shop
164,2017,Manhattan Valley,Park,Coffee Shop,Grocery Store,Chinese Restaurant,Bar,Indian Restaurant,Pizza Place,Mexican Restaurant,Ice Cream Shop,Latin American Restaurant,Spa,Playground,Bagel Shop,Bakery,Italian Restaurant,Farmers Market,Yoga Studio,Wine Shop,Gym / Fitness Center,Speakeasy
165,2017,Manhattanville,Park,Italian Restaurant,Mexican Restaurant,Coffee Shop,Café,Tennis Court,Seafood Restaurant,Pizza Place,American Restaurant,Chinese Restaurant,Cocktail Bar,Art Gallery,Historic Site,Deli / Bodega,Lounge,Theater,Indian Restaurant,Boutique,Pharmacy,Wine Shop
166,2017,Manor Heights,Chinese Restaurant,Bus Stop,Liquor Store,Donut Shop,Deli / Bodega,Pharmacy,Pizza Place,Go Kart Track,Campground,Gym / Fitness Center,Skating Rink,Grocery Store,Bank,Bagel Shop,Sandwich Place,Mini Golf,Dog Run,IT Services,Ice Cream Shop,American Restaurant
167,2017,Marble Hill,Park,Pizza Place,Donut Shop,Sandwich Place,Mexican Restaurant,Supermarket,Café,Spanish Restaurant,Bus Station,Scenic Lookout,Pharmacy,Bank,Gym,Bakery,Coffee Shop,Tennis Court,Bar,River,Thrift / Vintage Store,College Stadium
168,2017,Marine Park,Clothing Store,Ice Cream Shop,American Restaurant,Mobile Phone Shop,Furniture / Home Store,Electronics Store,Diner,Deli / Bodega,Sandwich Place,Bakery,Cosmetics Shop,Gym,Italian Restaurant,Grocery Store,Bank,Bagel Shop,Coffee Shop,Accessories Store,Convenience Store,Bus Station
169,2017,Mariner's Harbor,Ice Cream Shop,Pizza Place,Men's Store,Bus Stop,Deli / Bodega,Diner,Fast Food Restaurant,Supermarket,Pharmacy,Automotive Shop,Sandwich Place,Bagel Shop,Bakery,Nightlife Spot,Chinese Restaurant,Park,Middle Eastern Restaurant,Sushi Restaurant,Breakfast Spot,Furniture / Home Store
170,2017,Maspeth,Pizza Place,Bank,Donut Shop,Bakery,Diner,Grocery Store,Deli / Bodega,Coffee Shop,Bus Line,Convenience Store,Park,Video Store,Café,Ice Cream Shop,Dance Studio,Discount Store,Italian Restaurant,Supermarket,Gas Station,Mobile Phone Shop
171,2017,Melrose,Pizza Place,Mexican Restaurant,Donut Shop,Grocery Store,Sandwich Place,Pharmacy,Supermarket,Gym,Chinese Restaurant,Fast Food Restaurant,Fried Chicken Joint,Mobile Phone Shop,Latin American Restaurant,Art Gallery,Gym / Fitness Center,Kids Store,Hotel,Discount Store,Spanish Restaurant,Diner
172,2017,Middle Village,Pizza Place,Deli / Bodega,Convenience Store,Bank,Playground,Chinese Restaurant,Grocery Store,Pharmacy,Sushi Restaurant,Donut Shop,Bagel Shop,Spa,Bus Line,Sports Bar,Bus Station,Discount Store,Bus Stop,Dance Studio,Bakery,Intersection
173,2017,Midland Beach,Beach,Fast Food Restaurant,Bus Stop,Restaurant,Cosmetics Shop,Bagel Shop,American Restaurant,Bookstore,Baseball Field,Soccer Field,Asian Restaurant,Chinese Restaurant,Bank,Bakery,Miscellaneous Shop,Pet Store,Automotive Shop,Grocery Store,Locksmith,Eastern European Restaurant
174,2017,Midtown,Theater,Coffee Shop,Plaza,Bakery,Gourmet Shop,American Restaurant,Hotel,Steakhouse,Bookstore,Mediterranean Restaurant,Concert Hall,Toy / Game Store,Cuban Restaurant,Sandwich Place,Pizza Place,Grocery Store,Food Truck,Cosmetics Shop,Gym,Szechuan Restaurant
175,2017,Midtown South,Korean Restaurant,Coffee Shop,Gym / Fitness Center,Hotel,Pizza Place,Bakery,Café,American Restaurant,Vegetarian / Vegan Restaurant,Italian Restaurant,Miscellaneous Shop,Park,Sandwich Place,Martial Arts Dojo,Cuban Restaurant,Fast Food Restaurant,Golf Course,Building,Speakeasy,Museum
176,2017,Midwood,Pizza Place,Bakery,Sushi Restaurant,Café,Ice Cream Shop,Bank,Bagel Shop,Grocery Store,Pharmacy,Coffee Shop,Convenience Store,Restaurant,Deli / Bodega,Supermarket,Japanese Restaurant,Rental Car Location,Breakfast Spot,Candy Store,Sporting Goods Shop,Performing Arts Venue
177,2017,Mill Basin,Clothing Store,Pizza Place,Chinese Restaurant,Cosmetics Shop,Italian Restaurant,Bank,Mexican Restaurant,Mobile Phone Shop,Gym,Pharmacy,Lingerie Store,Kids Store,Bagel Shop,Electronics Store,Convenience Store,Supermarket,Shoe Store,Snack Place,American Restaurant,Donut Shop
178,2017,Mill Island,Gym,Pizza Place,Harbor / Marina,Burger Joint,Bakery,Seafood Restaurant,Park,Golf Course,Pet Store,BBQ Joint,Hardware Store,Playground,Food Truck,Tourist Information Center,Entertainment Service,Gym Pool,Middle Eastern Restaurant,Boat or Ferry,Chinese Restaurant,Sandwich Place
179,2017,Morningside Heights,Coffee Shop,American Restaurant,Park,Italian Restaurant,Chinese Restaurant,Grocery Store,Bakery,Seafood Restaurant,Bookstore,Playground,Sandwich Place,Pizza Place,Dog Run,Burger Joint,Farmers Market,Café,Gastropub,Wine Shop,Mexican Restaurant,Bagel Shop
180,2017,Morris Heights,Food Truck,Pharmacy,Pizza Place,Grocery Store,Deli / Bodega,Supermarket,Fast Food Restaurant,Playground,Spanish Restaurant,Chinese Restaurant,Bus Station,Bridge,Bank,Bar,Baseball Field,Basketball Court,Gym,Food,Fried Chicken Joint,Metro Station
181,2017,Morris Park,Pizza Place,Sandwich Place,Gym,Italian Restaurant,Pharmacy,Bank,Coffee Shop,Donut Shop,Bar,Fast Food Restaurant,Supermarket,American Restaurant,Rental Car Location,Medical Center,Mexican Restaurant,Bakery,Mobile Phone Shop,Deli / Bodega,Sushi Restaurant,Spanish Restaurant
182,2017,Morrisania,Grocery Store,Fast Food Restaurant,Pharmacy,Sandwich Place,Pizza Place,Donut Shop,Mobile Phone Shop,Gym,Discount Store,Latin American Restaurant,Mexican Restaurant,Diner,Fish Market,Bowling Alley,Bank,Fish & Chips Shop,Seafood Restaurant,Caribbean Restaurant,Gym / Fitness Center,Spanish Restaurant
183,2017,Mott Haven,Pizza Place,Mexican Restaurant,Donut Shop,Baseball Field,Gym,Supermarket,Discount Store,Playground,Fast Food Restaurant,Furniture / Home Store,Deli / Bodega,Steakhouse,Brewery,Bakery,Music Venue,Pharmacy,Gym / Fitness Center,Grocery Store,Sandwich Place,Peruvian Restaurant
184,2017,Mount Eden,Pizza Place,Grocery Store,Pharmacy,Fast Food Restaurant,Chinese Restaurant,Food Truck,Deli / Bodega,Supermarket,Donut Shop,Ice Cream Shop,Bank,Spanish Restaurant,Gym,Bus Station,Fried Chicken Joint,Bar,Nightclub,Mobile Phone Shop,Bridge,Park
185,2017,Mount Hope,Grocery Store,Pizza Place,Pharmacy,Supermarket,Fast Food Restaurant,Fried Chicken Joint,Donut Shop,Bus Station,Latin American Restaurant,Bank,Convenience Store,Sandwich Place,Food Truck,Chinese Restaurant,Restaurant,Gas Station,Moving Target,Mobile Phone Shop,Café,Nightclub
186,2017,Murray Hill,Korean Restaurant,Coffee Shop,Japanese Restaurant,Pizza Place,Grocery Store,Bakery,Sandwich Place,Gym / Fitness Center,Gourmet Shop,Pub,Gym,Bar,Bank,Karaoke Bar,Hotel,Supermarket,Park,Burger Joint,American Restaurant,Café
187,2017,Neponsit,Beach,Deli / Bodega,Spa,Pub,Bus Stop,Mexican Restaurant,Park,Boutique,Pizza Place,Chinese Restaurant,Bakery,Harbor / Marina,Italian Restaurant,Burger Joint,Filipino Restaurant,Falafel Restaurant,Farmers Market,Fast Food Restaurant,Field,Farm
188,2017,New Brighton,Pizza Place,Bar,Italian Restaurant,Park,Mexican Restaurant,Donut Shop,Bus Stop,Tapas Restaurant,Garden Center,Rock Club,Sandwich Place,Farmers Market,Liquor Store,Pharmacy,Gastropub,Brewery,Caribbean Restaurant,Toy / Game Store,Convenience Store,Boat or Ferry
189,2017,New Dorp,Italian Restaurant,Pizza Place,Kids Store,Coffee Shop,Bus Stop,Ice Cream Shop,Bank,Pharmacy,Mexican Restaurant,American Restaurant,Bagel Shop,Convenience Store,Sushi Restaurant,Asian Restaurant,Chinese Restaurant,Supermarket,Deli / Bodega,Sandwich Place,Discount Store,Dim Sum Restaurant
190,2017,New Dorp Beach,Bank,Pharmacy,Kids Store,American Restaurant,Beach,Shopping Mall,Coffee Shop,Supermarket,Food,Supplement Shop,Discount Store,Ice Cream Shop,Baseball Field,Mexican Restaurant,Bus Stop,Sushi Restaurant,Mobile Phone Shop,Deli / Bodega,Buffet,Burger Joint
191,2017,New Lots,Fast Food Restaurant,Deli / Bodega,Pizza Place,Pharmacy,Caribbean Restaurant,Grocery Store,Fish & Chips Shop,Park,Metro Station,Cosmetics Shop,Fried Chicken Joint,Playground,Spanish Restaurant,Breakfast Spot,Sporting Goods Shop,Sandwich Place,Coffee Shop,Bank,Health & Beauty Service,Auto Garage
192,2017,New Springville,Coffee Shop,Pharmacy,Sandwich Place,Donut Shop,Furniture / Home Store,Electronics Store,Bagel Shop,Martial Arts Dojo,Shipping Store,Shoe Store,Gym / Fitness Center,Men's Store,Mexican Restaurant,Liquor Store,Grocery Store,Mobile Phone Shop,Paper / Office Supplies Store,Fast Food Restaurant,Sporting Goods Shop,Supplement Shop
193,2017,Noho,Italian Restaurant,Coffee Shop,Hotel,Japanese Restaurant,Pizza Place,Mexican Restaurant,Taco Place,Café,Cocktail Bar,Bar,Deli / Bodega,Asian Restaurant,Argentinian Restaurant,Boutique,Ice Cream Shop,Wine Shop,Greek Restaurant,Gourmet Shop,Seafood Restaurant,Rock Club
194,2017,North Corona,Latin American Restaurant,Deli / Bodega,Tennis Stadium,Pizza Place,Boat or Ferry,Mexican Restaurant,Bakery,Food Truck,Pharmacy,Museum,Supermarket,Mobile Phone Shop,Coffee Shop,Peruvian Restaurant,South American Restaurant,Science Museum,Sandwich Place,Hot Dog Joint,Rental Car Location,Wine Bar
195,2017,North Riverdale,Pizza Place,Deli / Bodega,Bar,Coffee Shop,Bank,Pool,Park,Bus Station,Sandwich Place,Chinese Restaurant,Diner,Gym,Burger Joint,Italian Restaurant,Baseball Field,Mexican Restaurant,Market,Grocery Store,Bagel Shop,Social Club
196,2017,North Side,Coffee Shop,Pizza Place,Yoga Studio,Wine Bar,Bakery,Cocktail Bar,American Restaurant,Jewelry Store,Japanese Restaurant,Bookstore,Mexican Restaurant,Bar,French Restaurant,Vegetarian / Vegan Restaurant,Juice Bar,Beer Garden,Ice Cream Shop,Cycle Studio,Italian Restaurant,Gastropub
197,2017,Norwood,Pizza Place,Park,Bank,Donut Shop,Sandwich Place,Bus Station,Spanish Restaurant,Fast Food Restaurant,Mexican Restaurant,Deli / Bodega,Pharmacy,Coffee Shop,Chinese Restaurant,Caribbean Restaurant,Mobile Phone Shop,Gym,Diner,Supermarket,Food Truck,Grocery Store
198,2017,Oakland Gardens,Chinese Restaurant,Pharmacy,Korean Restaurant,Deli / Bodega,Yoga Studio,Bank,Italian Restaurant,Coffee Shop,Sushi Restaurant,Park,Donut Shop,Bike Trail,Baseball Field,Basketball Court,Mediterranean Restaurant,Shop & Service,Middle School,Liquor Store,Taiwanese Restaurant,Gift Shop
199,2017,Oakwood,Coffee Shop,Donut Shop,Nightlife Spot,Burger Joint,Bus Stop,Performing Arts Venue,Bank,Bagel Shop,Trail,Shipping Store,Train Station,Asian Restaurant,Sandwich Place,Playground,Supermarket,Restaurant,Deli / Bodega,Construction & Landscaping,Department Store,Kids Store
200,2017,Ocean Hill,Fried Chicken Joint,Discount Store,Pharmacy,Fast Food Restaurant,Café,Donut Shop,Pizza Place,Restaurant,Health & Beauty Service,Playground,Sandwich Place,Chinese Restaurant,Southern / Soul Food Restaurant,Supermarket,Moving Target,Mexican Restaurant,Deli / Bodega,Indian Restaurant,Ice Cream Shop,Bus Station
201,2017,Ocean Parkway,Bank,Donut Shop,Grocery Store,Café,Sushi Restaurant,Italian Restaurant,Steakhouse,Coffee Shop,Supermarket,Bagel Shop,Gym,Fast Food Restaurant,Middle Eastern Restaurant,Pharmacy,Pizza Place,Discount Store,Gourmet Shop,Department Store,Restaurant,Burmese Restaurant
202,2017,Old Town,Italian Restaurant,Bus Stop,Pizza Place,Bank,Gas Station,Fast Food Restaurant,Pharmacy,Bagel Shop,Bakery,Basketball Court,Peruvian Restaurant,Bar,Liquor Store,Salon / Barbershop,Mediterranean Restaurant,Mattress Store,Construction & Landscaping,Event Service,Grocery Store,Mexican Restaurant
203,2017,Olinville,Pizza Place,Fried Chicken Joint,Sandwich Place,Donut Shop,Supermarket,Fast Food Restaurant,Convenience Store,Pharmacy,Caribbean Restaurant,Discount Store,American Restaurant,Bar,Liquor Store,Bank,Skate Park,Chinese Restaurant,Gym / Fitness Center,Mexican Restaurant,Gym,Mobile Phone Shop
204,2017,Ozone Park,Pizza Place,Deli / Bodega,Bank,Bus Stop,Fast Food Restaurant,Chinese Restaurant,Sandwich Place,Liquor Store,Pharmacy,Gym / Fitness Center,Grocery Store,Donut Shop,Convenience Store,Gym,Gas Station,Diner,Supermarket,Bar,Food & Drink Shop,Spa
205,2017,Paerdegat Basin,Caribbean Restaurant,Athletics & Sports,Gym,Pizza Place,Harbor / Marina,Bakery,Bank,Fried Chicken Joint,Skate Park,Gym / Fitness Center,Deli / Bodega,Asian Restaurant,Grocery Store,Park,Bike Trail,Food,Business Service,Bus Line,Fast Food Restaurant,Supermarket
206,2017,Park Hill,Bus Stop,Deli / Bodega,Pharmacy,Spanish Restaurant,Gym / Fitness Center,Hardware Store,Coffee Shop,Park,Automotive Shop,Pizza Place,Scenic Lookout,Athletics & Sports,Grocery Store,Filipino Restaurant,Tattoo Parlor,Peruvian Restaurant,Lake,Supermarket,Nail Salon,Indian Restaurant
207,2017,Park Slope,Coffee Shop,Spa,Bakery,Bagel Shop,Ice Cream Shop,Gift Shop,Burger Joint,Bar,Pizza Place,Grocery Store,Farmers Market,Sushi Restaurant,Yoga Studio,Seafood Restaurant,Japanese Restaurant,Latin American Restaurant,Toy / Game Store,Plaza,Deli / Bodega,Furniture / Home Store
208,2017,Parkchester,Pizza Place,Spanish Restaurant,Sandwich Place,Donut Shop,Supermarket,Bank,Latin American Restaurant,Diner,Mobile Phone Shop,Mexican Restaurant,Gym,American Restaurant,Ice Cream Shop,Cosmetics Shop,Park,Bar,Caribbean Restaurant,Chinese Restaurant,Plaza,Kids Store
209,2017,Pelham Bay,Donut Shop,Italian Restaurant,Fast Food Restaurant,Sandwich Place,Convenience Store,Pizza Place,Bank,Bakery,Diner,Gym,Pharmacy,Dive Bar,Deli / Bodega,Rental Car Location,Hotel,Bar,Thai Restaurant,Sushi Restaurant,Supermarket,Sports Bar
210,2017,Pelham Gardens,Donut Shop,Deli / Bodega,Pharmacy,Pizza Place,Bus Station,Caribbean Restaurant,Chinese Restaurant,Sandwich Place,Bank,Historic Site,Pet Store,Trail,Bakery,Rental Car Location,Bar,Hardware Store,Spa,Music Venue,Spanish Restaurant,Supermarket
211,2017,Pelham Parkway,Pizza Place,Deli / Bodega,Bank,Bus Station,Chinese Restaurant,Sandwich Place,Bakery,Donut Shop,Italian Restaurant,Ice Cream Shop,Pharmacy,Coffee Shop,Eastern European Restaurant,Burger Joint,Gas Station,Supermarket,Playground,Sushi Restaurant,Dessert Shop,Bar
212,2017,Pleasant Plains,Pizza Place,Liquor Store,Bakery,Donut Shop,Shopping Mall,Furniture / Home Store,Bank,Baseball Field,Toll Plaza,Hardware Store,Gift Shop,Breakfast Spot,Supplement Shop,Brewery,Bus Stop,Train Station,Pet Store,Dry Cleaner,Salon / Barbershop,Doctor's Office
213,2017,Pomonok,Pizza Place,Deli / Bodega,Food Truck,Basketball Court,Chinese Restaurant,Bus Station,Spa,Restaurant,Health & Beauty Service,Bar,Halal Restaurant,Middle Eastern Restaurant,Golf Course,Bowling Alley,Bus Line,South American Restaurant,Automotive Shop,Shop & Service,Park,Coffee Shop
214,2017,Port Ivory,Bar,Harbor / Marina,Bus Stop,Snack Place,Zoo Exhibit,Fish Market,Eye Doctor,Factory,Falafel Restaurant,Farm,Farmers Market,Fast Food Restaurant,Field,Filipino Restaurant,Film Studio,Fish & Chips Shop,Flea Market,Flower Shop,Food,Food & Drink Shop
215,2017,Port Morris,Baseball Field,Donut Shop,Pizza Place,Music Venue,Gym,Park,Pharmacy,Tunnel,Health Food Store,Peruvian Restaurant,Brewery,Coffee Shop,Toll Plaza,Metro Station,Chinese Restaurant,Mobile Phone Shop,Bakery,Bookstore,Gas Station,Nightclub
216,2017,Port Richmond,Deli / Bodega,Bus Stop,Pizza Place,Chinese Restaurant,Cosmetics Shop,Mediterranean Restaurant,Bar,Pharmacy,Convenience Store,Bakery,Rental Car Location,Discount Store,Ice Cream Shop,Donut Shop,Garden,Martial Arts Dojo,Gym / Fitness Center,Gym,Beer Store,Thai Restaurant
217,2017,Prince's Bay,Pizza Place,Pharmacy,Moving Target,Park,Chinese Restaurant,Pet Store,Sushi Restaurant,Bagel Shop,Bridal Shop,Italian Restaurant,Diner,Fish Market,Factory,Falafel Restaurant,Farm,Farmers Market,Fast Food Restaurant,Daycare,Field,Filipino Restaurant
218,2017,Prospect Heights,Bar,Mexican Restaurant,Cocktail Bar,Wine Shop,Sushi Restaurant,Café,Thai Restaurant,Pizza Place,New American Restaurant,Coffee Shop,Ice Cream Shop,Plaza,Yoga Studio,Southern / Soul Food Restaurant,Gourmet Shop,Beer Bar,Bakery,Latin American Restaurant,Restaurant,Grocery Store
219,2017,Prospect Lefferts Gardens,Caribbean Restaurant,Café,Pizza Place,Bakery,Wine Shop,Italian Restaurant,Music Venue,Other Great Outdoors,Cocktail Bar,Liquor Store,Grocery Store,Bank,Pharmacy,Juice Bar,Playground,American Restaurant,Indian Restaurant,Discount Store,Miscellaneous Shop,Paella Restaurant
220,2017,Prospect Park South,Caribbean Restaurant,Pizza Place,Mexican Restaurant,Grocery Store,Bar,Mobile Phone Shop,Wine Shop,Coffee Shop,Latin American Restaurant,Park,Bakery,Bank,Thai Restaurant,Health Food Store,Miscellaneous Shop,Chinese Restaurant,Burger Joint,Indian Restaurant,Café,Vegetarian / Vegan Restaurant
221,2017,Queens Village,Liquor Store,Pizza Place,Bakery,Pharmacy,Sandwich Place,Donut Shop,Caribbean Restaurant,Bank,Chinese Restaurant,Discount Store,Bar,Market,Martial Arts Dojo,Theater,Salon / Barbershop,Arts & Crafts Store,Motorcycle Shop,Bus Station,Latin American Restaurant,Video Store
222,2017,Queensboro Hill,Chinese Restaurant,Bakery,Supermarket,Park,Soccer Field,Flower Shop,Bus Station,Bank,Deli / Bodega,Historic Site,Playground,Intersection,College Gym,Health & Beauty Service,Baseball Field,Bar,Dumpling Restaurant,Bagel Shop,Cantonese Restaurant,Malay Restaurant
223,2017,Queensbridge,Hotel,Coffee Shop,Café,Deli / Bodega,Italian Restaurant,Bar,Brewery,Sandwich Place,Roof Deck,Bubble Tea Shop,Supermarket,Greek Restaurant,Park,Climbing Gym,Mexican Restaurant,Gym / Fitness Center,Donut Shop,American Restaurant,Gym,Pizza Place
224,2017,Randall Manor,Deli / Bodega,Bus Stop,Bar,Park,Chinese Restaurant,Fast Food Restaurant,Coffee Shop,Playground,Bagel Shop,Supermarket,Discount Store,Breakfast Spot,Taco Place,Botanical Garden,Concert Hall,Board Shop,Cultural Center,Tennis Court,Juice Bar,Pizza Place
225,2017,Ravenswood,Italian Restaurant,Café,Thai Restaurant,Bar,Mexican Restaurant,Bagel Shop,Brazilian Restaurant,Greek Restaurant,Cocktail Bar,Grocery Store,Coffee Shop,Gastropub,Seafood Restaurant,Pizza Place,American Restaurant,Lounge,Deli / Bodega,Food Truck,Spa,Middle Eastern Restaurant
226,2017,Red Hook,Park,Bar,Art Gallery,Seafood Restaurant,Café,Wine Shop,Food Truck,American Restaurant,Bagel Shop,Baseball Field,Brewery,Gym / Fitness Center,Flower Shop,Farm,Coffee Shop,Scenic Lookout,Sandwich Place,Track,Boat or Ferry,Pizza Place
227,2017,Rego Park,Pizza Place,Bakery,Grocery Store,Sandwich Place,Sushi Restaurant,Deli / Bodega,Liquor Store,Pharmacy,Supermarket,Gym / Fitness Center,Donut Shop,Coffee Shop,Bagel Shop,Shanghai Restaurant,Restaurant,Bank,Asian Restaurant,Furniture / Home Store,Middle Eastern Restaurant,Mexican Restaurant
228,2017,Remsen Village,Caribbean Restaurant,Grocery Store,Donut Shop,Bus Station,Moving Target,Food,Fast Food Restaurant,Liquor Store,Supermarket,Fried Chicken Joint,Food Truck,Fish Market,Deli / Bodega,Chinese Restaurant,Discount Store,Sandwich Place,Pizza Place,Metro Station,Mobile Phone Shop,Department Store
229,2017,Richmond Hill,Indian Restaurant,Discount Store,Pizza Place,Deli / Bodega,Cosmetics Shop,Park,Clothing Store,Mexican Restaurant,Bar,Bank,Lounge,Sandwich Place,Latin American Restaurant,Playground,Chinese Restaurant,Diner,Donut Shop,Italian Restaurant,Gas Station,Caribbean Restaurant
230,2017,Richmond Town,Italian Restaurant,Donut Shop,Japanese Restaurant,Art Museum,Diner,Sandwich Place,Pharmacy,Fast Food Restaurant,Spa,Grocery Store,Gym,Bank,Bagel Shop,Train Station,Restaurant,Ice Cream Shop,Hotpot Restaurant,Intersection,Entertainment Service,Ethiopian Restaurant
231,2017,Richmond Valley,Fast Food Restaurant,Café,Bank,Bakery,Italian Restaurant,Pizza Place,Coffee Shop,Gym,Pharmacy,Deli / Bodega,American Restaurant,Diner,Japanese Restaurant,Sushi Restaurant,Bar,Baseball Field,Lounge,Gym / Fitness Center,IT Services,Massage Studio
232,2017,Ridgewood,Bar,Pizza Place,Mexican Restaurant,Café,Latin American Restaurant,Restaurant,Bakery,Diner,Italian Restaurant,Gym,Grocery Store,Ice Cream Shop,Sandwich Place,Supplement Shop,Pharmacy,Bank,Coffee Shop,Cocktail Bar,Chinese Restaurant,Mobile Phone Shop
233,2017,Riverdale,Park,Pizza Place,Bar,Deli / Bodega,Diner,Bagel Shop,Plaza,Bank,Mexican Restaurant,Japanese Restaurant,Coffee Shop,Burger Joint,Sandwich Place,Bus Station,Tapas Restaurant,Café,Thai Restaurant,Baseball Field,Restaurant,River
234,2017,Rochdale,Deli / Bodega,Fast Food Restaurant,Southern / Soul Food Restaurant,Chinese Restaurant,Pharmacy,Sandwich Place,Bus Stop,Caribbean Restaurant,Laundromat,Candy Store,Pizza Place,Train Station,BBQ Joint,Bank,Market,Fried Chicken Joint,Bus Station,Discount Store,Japanese Restaurant,Breakfast Spot
235,2017,Rockaway Beach,Beach,Bar,Boat or Ferry,Bagel Shop,Food Truck,Pharmacy,Pizza Place,Eastern European Restaurant,Latin American Restaurant,Fast Food Restaurant,Metro Station,Arepa Restaurant,Supermarket,Board Shop,Seafood Restaurant,Beach Bar,BBQ Joint,Wine Bar,Ice Cream Shop,Bakery
236,2017,Rockaway Park,Beach,Pizza Place,Deli / Bodega,Donut Shop,Pharmacy,Bagel Shop,Pub,Spa,Bar,Bakery,Bank,Seafood Restaurant,Mediterranean Restaurant,Restaurant,Bed & Breakfast,Liquor Store,Event Space,Smoke Shop,Board Shop,Supermarket
237,2017,Roosevelt Island,Park,Coffee Shop,Sushi Restaurant,Greek Restaurant,Café,Pizza Place,Cocktail Bar,Deli / Bodega,Playground,Tennis Court,Salad Place,Hotel,Gym,Liquor Store,Seafood Restaurant,Ice Cream Shop,Roof Deck,History Museum,Japanese Restaurant,Scenic Lookout
238,2017,Rosebank,Italian Restaurant,Intersection,Bus Stop,Grocery Store,Mexican Restaurant,Deli / Bodega,Bar,Pizza Place,Gastropub,Nail Salon,Cajun / Creole Restaurant,Sandwich Place,Bagel Shop,Eastern European Restaurant,Art Museum,Pharmacy,Filipino Restaurant,Breakfast Spot,Dance Studio,Restaurant
239,2017,Rosedale,Caribbean Restaurant,Cosmetics Shop,Furniture / Home Store,Sandwich Place,Fried Chicken Joint,Fast Food Restaurant,Pharmacy,Grocery Store,Train Station,Bank,Hardware Store,Sculpture Garden,Gym / Fitness Center,Clothing Store,Restaurant,Park,Shopping Mall,Big Box Store,Smoke Shop,Supermarket
240,2017,Rossville,Bagel Shop,Pizza Place,Donut Shop,Golf Course,American Restaurant,Ice Cream Shop,Paintball Field,Event Space,Hardware Store,Bar,Grocery Store,Farm,Falafel Restaurant,Film Studio,Farmers Market,Fast Food Restaurant,Factory,Eye Doctor,Field,Filipino Restaurant
241,2017,Roxbury,Baseball Field,Theater,Art Gallery,Beach,Trail,Public Art,Scenic Lookout,Pier,Sports Club,Bus Stop,Fast Food Restaurant,National Park,Snack Place,Deli / Bodega,Food Truck,Irish Pub,Field,Factory,Falafel Restaurant,Farm
242,2017,Rugby,Caribbean Restaurant,Pizza Place,Grocery Store,Pharmacy,Mobile Phone Shop,Bank,Sandwich Place,Donut Shop,Chinese Restaurant,Fast Food Restaurant,Ice Cream Shop,Discount Store,Seafood Restaurant,Fried Chicken Joint,Burger Joint,Gym / Fitness Center,Diner,Moving Target,Gas Station,Business Service
243,2017,Sandy Ground,Bagel Shop,Donut Shop,Juice Bar,Bakery,Bank,Sushi Restaurant,Coffee Shop,Diner,Dog Run,Pizza Place,Pharmacy,Park,Grocery Store,Miscellaneous Shop,Mexican Restaurant,Hardware Store,Liquor Store,Laundry Service,Intersection,Trail
244,2017,Schuylerville,Pizza Place,Pharmacy,Diner,Italian Restaurant,American Restaurant,Mexican Restaurant,Supermarket,Bar,Donut Shop,Sandwich Place,Fast Food Restaurant,Martial Arts Dojo,Deli / Bodega,Ice Cream Shop,Volleyball Court,Chinese Restaurant,Sushi Restaurant,Music Store,Steakhouse,Nightlife Spot
245,2017,Sea Gate,Beach,Chinese Restaurant,Gastropub,Home Service,Donut Shop,Pizza Place,Spa,Park,Pharmacy,Fried Chicken Joint,Supermarket,Factory,Eye Doctor,Farm,Farmers Market,Fast Food Restaurant,Exhibit,Falafel Restaurant,Zoo Exhibit,Field
246,2017,Sheepshead Bay,Sushi Restaurant,Russian Restaurant,Italian Restaurant,Sandwich Place,Dessert Shop,Café,Turkish Restaurant,Pizza Place,Bank,Mobile Phone Shop,Grocery Store,Japanese Restaurant,Seafood Restaurant,Yoga Studio,Supermarket,Bagel Shop,Playground,Donut Shop,Pharmacy,Bar
247,2017,Shore Acres,Italian Restaurant,Bus Stop,Grocery Store,Deli / Bodega,Pizza Place,Bar,Mexican Restaurant,Gastropub,Toll Plaza,Breakfast Spot,Supermarket,Storage Facility,Intersection,Café,Cajun / Creole Restaurant,Chinese Restaurant,Scenic Lookout,Sandwich Place,Cosmetics Shop,Dance Studio
248,2017,Silver Lake,American Restaurant,Bagel Shop,Grocery Store,Convenience Store,Park,Spa,Pizza Place,Market,Donut Shop,Sandwich Place,Dog Run,Golf Course,Playground,Bus Stop,Burger Joint,Field,Fast Food Restaurant,Farmers Market,Filipino Restaurant,Farm
249,2017,Soho,Italian Restaurant,Café,Pizza Place,Bakery,French Restaurant,Sandwich Place,Clothing Store,Mediterranean Restaurant,Gym,Boutique,Sushi Restaurant,Cosmetics Shop,Men's Store,Cocktail Bar,Coffee Shop,Snack Place,Gourmet Shop,Salon / Barbershop,Pilates Studio,Wine Bar
250,2017,Somerville,Sandwich Place,Deli / Bodega,Harbor / Marina,Donut Shop,Playground,Grocery Store,Gym / Fitness Center,Bed & Breakfast,Bank,Thai Restaurant,Caribbean Restaurant,Coffee Shop,Farmers Market,Board Shop,Beach,Pizza Place,Brewery,Taco Place,Restaurant,Supermarket
251,2017,Soundview,Fried Chicken Joint,Fast Food Restaurant,Breakfast Spot,Grocery Store,Supermarket,Kids Store,Pizza Place,Clothing Store,Gas Station,Chinese Restaurant,Bus Station,Mobile Phone Shop,Department Store,Deli / Bodega,Park,Shopping Mall,Check Cashing Service,Mattress Store,Trail,Movie Theater
252,2017,South Beach,Beach,Pier,Skate Park,Baseball Field,Playground,Athletics & Sports,Food,American Restaurant,Soccer Field,Deli / Bodega,Park,Factory,Field,Falafel Restaurant,Farm,Farmers Market,Fast Food Restaurant,Eye Doctor,Exhibit,Film Studio
253,2017,South Jamaica,Park,Pizza Place,Deli / Bodega,Discount Store,Shop & Service,Donut Shop,Gym,Mobile Phone Shop,Check Cashing Service,Bank,Hardware Store,Caribbean Restaurant,Coffee Shop,Grocery Store,Vegetarian / Vegan Restaurant,Sandwich Place,Bus Stop,Bus Station,Supermarket,Storage Facility
254,2017,South Ozone Park,Donut Shop,Caribbean Restaurant,Food,Deli / Bodega,Pizza Place,Indian Restaurant,Ice Cream Shop,Park,Hotel,Gym,Thai Restaurant,Mobile Phone Shop,Boat or Ferry,Moving Target,Supermarket,Rest Area,Spa,Fast Food Restaurant,Liquor Store,Seafood Restaurant
255,2017,South Side,Pizza Place,Bar,American Restaurant,Coffee Shop,Wine Bar,Bakery,Cocktail Bar,Jewelry Store,Breakfast Spot,Yoga Studio,Mexican Restaurant,Liquor Store,Vegetarian / Vegan Restaurant,Cycle Studio,Salon / Barbershop,Bookstore,Mediterranean Restaurant,Salad Place,Taco Place,Bike Shop
256,2017,Springfield Gardens,Deli / Bodega,Bus Station,Gym,Caribbean Restaurant,Park,Donut Shop,Chinese Restaurant,Train Station,Fast Food Restaurant,Liquor Store,Pizza Place,Sandwich Place,Shipping Store,Laundromat,Southern / Soul Food Restaurant,Shoe Store,Bakery,Grocery Store,Bus Stop,Clothing Store
257,2017,Spuyten Duyvil,Park,Pizza Place,Pharmacy,Sandwich Place,Bank,Mexican Restaurant,Diner,Thai Restaurant,Café,Japanese Restaurant,Chinese Restaurant,Tennis Court,Tennis Stadium,Food,Coffee Shop,Harbor / Marina,Baseball Field,Frozen Yogurt Shop,Bagel Shop,Bus Line
258,2017,St. Albans,Caribbean Restaurant,Pizza Place,Liquor Store,Deli / Bodega,Fried Chicken Joint,Dance Studio,Fish & Chips Shop,Café,Bakery,Discount Store,Chinese Restaurant,Convenience Store,Pharmacy,Train Station,Donut Shop,Video Store,Zoo Exhibit,Field,Farm,Fast Food Restaurant
259,2017,St. George,Bus Stop,Clothing Store,Pizza Place,Deli / Bodega,Café,Italian Restaurant,Bar,Brewery,Ice Cream Shop,Sporting Goods Shop,Train Station,Seafood Restaurant,Park,Sandwich Place,Burger Joint,Plaza,Steakhouse,Supermarket,Museum,Bowling Alley
260,2017,Stapleton,Deli / Bodega,Sandwich Place,Discount Store,Bank,Pharmacy,Fast Food Restaurant,Donut Shop,Cosmetics Shop,Harbor / Marina,Gym / Fitness Center,Gym,Mexican Restaurant,Beer Bar,Miscellaneous Shop,Breakfast Spot,Bus Stop,Sri Lankan Restaurant,Spanish Restaurant,Residential Building (Apartment / Condo),Park
261,2017,Starrett City,Pizza Place,Department Store,Mobile Phone Shop,Furniture / Home Store,Pharmacy,Deli / Bodega,Chinese Restaurant,Bus Stop,Breakfast Spot,Park,Donut Shop,Liquor Store,Cosmetics Shop,Shopping Mall,Arts & Crafts Store,Kids Store,Shoe Store,Bus Station,Clothing Store,American Restaurant
262,2017,Steinway,Greek Restaurant,Italian Restaurant,Pizza Place,Deli / Bodega,Sushi Restaurant,Bagel Shop,Donut Shop,Burger Joint,Grocery Store,Bar,Food Truck,Coffee Shop,Bakery,Gym,Dessert Shop,Café,Food & Drink Shop,Brewery,Brazilian Restaurant,Steakhouse
263,2017,Stuyvesant Town,Pizza Place,Cocktail Bar,Bar,Coffee Shop,Bagel Shop,Italian Restaurant,Park,Bakery,Juice Bar,Gym / Fitness Center,Gourmet Shop,Mexican Restaurant,Filipino Restaurant,Dog Run,Playground,Deli / Bodega,Ice Cream Shop,Wine Shop,American Restaurant,Wine Bar
264,2017,Sunnyside,Pizza Place,Donut Shop,Bar,Grocery Store,Bakery,Coffee Shop,Chinese Restaurant,Deli / Bodega,Pharmacy,Mexican Restaurant,Peruvian Restaurant,Sandwich Place,Skating Rink,Discount Store,Korean Restaurant,Sports Bar,Burger Joint,Diner,Italian Restaurant,Indian Restaurant
265,2017,Sunnyside Gardens,Bar,Pizza Place,Mexican Restaurant,Park,Grocery Store,Bakery,Italian Restaurant,Latin American Restaurant,Coffee Shop,Korean Restaurant,Sushi Restaurant,Thai Restaurant,Gym,Liquor Store,Supermarket,Peruvian Restaurant,Pharmacy,Turkish Restaurant,Café,American Restaurant
266,2017,Sunset Park,Bakery,Mexican Restaurant,Pizza Place,Bank,Latin American Restaurant,Chinese Restaurant,Sandwich Place,Asian Restaurant,Vietnamese Restaurant,Mobile Phone Shop,Hotpot Restaurant,Pharmacy,Fried Chicken Joint,Grocery Store,Spanish Restaurant,Café,Ice Cream Shop,Szechuan Restaurant,Tea Room,Dumpling Restaurant
267,2017,Sutton Place,Italian Restaurant,Bakery,Hotel,Park,Gym / Fitness Center,Gym,Coffee Shop,Salon / Barbershop,Spa,American Restaurant,Bagel Shop,Cycle Studio,French Restaurant,Furniture / Home Store,Mexican Restaurant,Vegetarian / Vegan Restaurant,Beer Garden,Grocery Store,Thai Restaurant,Yoga Studio
268,2017,Throgs Neck,Italian Restaurant,Deli / Bodega,Pizza Place,Donut Shop,Baseball Field,Harbor / Marina,Chinese Restaurant,Bar,Coffee Shop,Park,Fast Food Restaurant,Tennis Court,Liquor Store,Asian Restaurant,Beach,Bookstore,American Restaurant,Sports Bar,Pub,Restaurant
269,2017,Todt Hill,Campground,Donut Shop,Golf Course,Mountain,Dog Run,Park,Fish Market,Factory,Falafel Restaurant,Farm,Farmers Market,Fast Food Restaurant,Field,Filipino Restaurant,Film Studio,Fish & Chips Shop,Zoo Exhibit,Flea Market,Exhibit,Flower Shop
270,2017,Tompkinsville,Bus Stop,Pizza Place,Park,Clothing Store,Deli / Bodega,Italian Restaurant,Mexican Restaurant,Fast Food Restaurant,Bar,Pharmacy,Gym / Fitness Center,Donut Shop,Sporting Goods Shop,Café,Brewery,Sri Lankan Restaurant,Museum,Burger Joint,Juice Bar,Steakhouse
271,2017,Tottenville,Italian Restaurant,Deli / Bodega,Pizza Place,Beach,Bakery,Bus Stop,Park,Pool,Train Station,Ice Cream Shop,Home Service,Bagel Shop,Cosmetics Shop,Dance Studio,Filipino Restaurant,Falafel Restaurant,Farmers Market,Fast Food Restaurant,Field,Factory
272,2017,Travis,Hotel,Gym,Park,Bowling Alley,Spanish Restaurant,Comedy Club,Sandwich Place,Sports Club,Construction & Landscaping,Baseball Field,Deli / Bodega,Italian Restaurant,Steakhouse,Food & Drink Shop,Field,Exhibit,Eye Doctor,Factory,Food Truck,Falafel Restaurant
273,2017,Tribeca,Park,Hotel,American Restaurant,Coffee Shop,Spa,Italian Restaurant,Café,Gym / Fitness Center,Men's Store,Cocktail Bar,Playground,Wine Shop,Grocery Store,Sushi Restaurant,Scenic Lookout,Wine Bar,Burger Joint,Cycle Studio,Greek Restaurant,New American Restaurant
274,2017,Tudor City,Coffee Shop,Japanese Restaurant,Grocery Store,American Restaurant,Gym,Café,Park,Sushi Restaurant,Burger Joint,Bagel Shop,Gourmet Shop,Mexican Restaurant,Pub,Bubble Tea Shop,Juice Bar,Spanish Restaurant,Pizza Place,Deli / Bodega,Seafood Restaurant,Vietnamese Restaurant
275,2017,Turtle Bay,Coffee Shop,Seafood Restaurant,Park,American Restaurant,Sushi Restaurant,Italian Restaurant,Bakery,Japanese Restaurant,Wine Bar,Sandwich Place,Thai Restaurant,Food Court,Gourmet Shop,Grocery Store,Greek Restaurant,Burger Joint,Bubble Tea Shop,Hotel,Indian Restaurant,Cheese Shop
276,2017,Unionport,Pizza Place,Spanish Restaurant,Diner,Mobile Phone Shop,Sandwich Place,Deli / Bodega,Cosmetics Shop,Donut Shop,Supermarket,Bank,Latin American Restaurant,Bus Station,Fried Chicken Joint,Clothing Store,Café,Breakfast Spot,Discount Store,Ice Cream Shop,Mexican Restaurant,Supplement Shop
277,2017,University Heights,Grocery Store,Pizza Place,Fried Chicken Joint,Donut Shop,Spanish Restaurant,Latin American Restaurant,Sandwich Place,Supermarket,African Restaurant,Bakery,Ice Cream Shop,Mobile Phone Shop,Playground,Mexican Restaurant,Bank,BBQ Joint,Bus Station,Basketball Court,Restaurant,Gym / Fitness Center
278,2017,Upper East Side,Exhibit,Coffee Shop,Italian Restaurant,Bakery,Gym / Fitness Center,Yoga Studio,Juice Bar,Mexican Restaurant,Bar,French Restaurant,Spanish Restaurant,Outdoor Sculpture,Art Museum,Art Gallery,Seafood Restaurant,Thai Restaurant,Playground,American Restaurant,Hotel,Salad Place
279,2017,Upper West Side,Park,Italian Restaurant,Gym,Coffee Shop,Bakery,Wine Bar,Café,Bar,American Restaurant,Ice Cream Shop,Pizza Place,Bookstore,Thai Restaurant,Indian Restaurant,Chinese Restaurant,Seafood Restaurant,Clothing Store,Pub,Planetarium,Dessert Shop
280,2017,Utopia,Chinese Restaurant,Japanese Restaurant,Pizza Place,Bus Station,Sandwich Place,Hotel,Park,Department Store,Ice Cream Shop,Coffee Shop,Playground,Scenic Lookout,Middle Eastern Restaurant,Mexican Restaurant,Music Store,Mattress Store,Market,Halal Restaurant,Liquor Store,Mobile Phone Shop
281,2017,Van Nest,Pizza Place,Park,Zoo,Donut Shop,Supermarket,Middle Eastern Restaurant,Bus Station,Spanish Restaurant,Smoke Shop,Coffee Shop,Sandwich Place,Gym,American Restaurant,Italian Restaurant,Diner,Multiplex,Theme Park Ride / Attraction,Thai Restaurant,Metro Station,Mexican Restaurant
282,2017,Vinegar Hill,Park,Coffee Shop,Boat or Ferry,American Restaurant,Art Gallery,Bakery,Gym,Café,Italian Restaurant,Scenic Lookout,Boxing Gym,Bar,Playground,Bookstore,Wine Shop,Yoga Studio,Food Truck,Men's Store,Mexican Restaurant,Taco Place
283,2017,Wakefield,Pharmacy,Gas Station,Pizza Place,Supermarket,Fast Food Restaurant,Caribbean Restaurant,Donut Shop,Bank,Fried Chicken Joint,Bakery,Fish Market,Burger Joint,Bagel Shop,Sandwich Place,Park,Metro Station,Chinese Restaurant,Liquor Store,Mobile Phone Shop,Ice Cream Shop
284,2017,Washington Heights,Pizza Place,Latin American Restaurant,Bakery,Park,Café,Tapas Restaurant,Spanish Restaurant,Coffee Shop,Deli / Bodega,Bar,Mexican Restaurant,Chinese Restaurant,Mobile Phone Shop,Bank,New American Restaurant,Grocery Store,Wine Shop,Sandwich Place,Scenic Lookout,Burger Joint
285,2017,Weeksville,Discount Store,Caribbean Restaurant,Southern / Soul Food Restaurant,Grocery Store,Fast Food Restaurant,Café,Park,Supermarket,Chinese Restaurant,Pizza Place,Donut Shop,Bank,Bakery,Liquor Store,Juice Bar,Bar,Deli / Bodega,Fried Chicken Joint,Recording Studio,Metro Station
286,2017,West Brighton,Italian Restaurant,Deli / Bodega,Bagel Shop,Pizza Place,Coffee Shop,Chinese Restaurant,Ice Cream Shop,Bank,Music Store,Fast Food Restaurant,Sandwich Place,Bar,Salon / Barbershop,Pharmacy,Construction & Landscaping,Donut Shop,Mexican Restaurant,Playground,Tennis Court,Board Shop
287,2017,West Farms,Pizza Place,Zoo,Park,Donut Shop,Zoo Exhibit,Fast Food Restaurant,Lounge,Sandwich Place,Fried Chicken Joint,Diner,Scenic Lookout,Grocery Store,Mobile Phone Shop,Shopping Mall,Shoe Store,Paella Restaurant,Bank,Deli / Bodega,Coffee Shop,Film Studio
288,2017,West Village,Italian Restaurant,Wine Bar,New American Restaurant,Park,Cocktail Bar,Coffee Shop,Bakery,American Restaurant,Speakeasy,Sandwich Place,Seafood Restaurant,Gourmet Shop,Steakhouse,Cheese Shop,Board Shop,Pizza Place,Jazz Club,Japanese Restaurant,Ice Cream Shop,Indian Restaurant
289,2017,Westchester Square,Pizza Place,Donut Shop,Fast Food Restaurant,Sandwich Place,Pharmacy,Bar,Deli / Bodega,Supermarket,Mobile Phone Shop,American Restaurant,Baseball Field,Diner,Italian Restaurant,Spanish Restaurant,Medical Center,Gym,Mexican Restaurant,Bank,Department Store,Park
290,2017,Westerleigh,Chinese Restaurant,Bakery,Convenience Store,Diner,Bagel Shop,Gym,Pharmacy,Mediterranean Restaurant,Asian Restaurant,Mobile Phone Shop,Video Store,Pizza Place,Bank,American Restaurant,Ice Cream Shop,Sandwich Place,Food,Café,Liquor Store,Lounge
291,2017,Whitestone,Italian Restaurant,Deli / Bodega,Pizza Place,Donut Shop,Bus Station,Bank,Diner,Bagel Shop,Sandwich Place,Martial Arts Dojo,Coffee Shop,Gym,Shopping Mall,Pharmacy,Ice Cream Shop,Japanese Restaurant,Eye Doctor,Gastropub,Park,Gas Station
292,2017,Williamsbridge,Pizza Place,Caribbean Restaurant,Fried Chicken Joint,Deli / Bodega,Bakery,Sandwich Place,Restaurant,Pharmacy,Shoe Store,Bus Station,Supermarket,Cosmetics Shop,Park,Basketball Court,Gym,Indian Restaurant,Grocery Store,Metro Station,Seafood Restaurant,Mobile Phone Shop
293,2017,Williamsburg,Bar,Pizza Place,Coffee Shop,American Restaurant,Wine Bar,Yoga Studio,Breakfast Spot,Cocktail Bar,Bakery,Salon / Barbershop,Japanese Restaurant,Art Gallery,Gym / Fitness Center,Chinese Restaurant,Diner,Sushi Restaurant,Liquor Store,Thai Restaurant,Grocery Store,Nightclub
294,2017,Willowbrook,Bus Stop,Liquor Store,Deli / Bodega,Bagel Shop,Chinese Restaurant,Pizza Place,Mobile Phone Shop,Pharmacy,Mexican Restaurant,Halal Restaurant,Italian Restaurant,Home Service,Campground,Café,Food,Sushi Restaurant,Moving Target,Coffee Shop,American Restaurant,Convenience Store
295,2017,Windsor Terrace,Café,Park,Italian Restaurant,Bar,Diner,Wine Shop,Deli / Bodega,American Restaurant,Coffee Shop,Plaza,Playground,Pizza Place,French Restaurant,Middle Eastern Restaurant,Yoga Studio,Bakery,Bagel Shop,Grocery Store,Bookstore,Scenic Lookout
296,2017,Wingate,Caribbean Restaurant,Grocery Store,Deli / Bodega,Pizza Place,Sandwich Place,Donut Shop,Fried Chicken Joint,Fast Food Restaurant,Bakery,Pharmacy,Café,Discount Store,Bagel Shop,Ice Cream Shop,Mobile Phone Shop,Field,Liquor Store,Japanese Restaurant,Bank,Sushi Restaurant
297,2017,Woodhaven,Pizza Place,Deli / Bodega,Pharmacy,Supermarket,Fried Chicken Joint,Latin American Restaurant,Hookah Bar,Donut Shop,Sandwich Place,Grocery Store,Bank,Restaurant,American Restaurant,Clothing Store,Bar,Metro Station,Mexican Restaurant,Gun Range,Ice Cream Shop,Gift Shop
298,2017,Woodlawn,Pub,Bar,Deli / Bodega,Discount Store,Pizza Place,Baseball Field,Donut Shop,Italian Restaurant,Bank,Bakery,Rental Car Location,Caribbean Restaurant,Shipping Store,Track,Convenience Store,Bagel Shop,Bus Station,Diner,Train Station,Playground
299,2017,Woodrow,Bus Stop,Juice Bar,Laundry Service,Sushi Restaurant,Park,Grocery Store,Miscellaneous Shop,Mexican Restaurant,Basketball Court,Bank,Bakery,Coffee Shop,Liquor Store,Pharmacy,Donut Shop,Italian Restaurant,Diner,Dog Run,Flea Market,Farmers Market
300,2017,Woodside,Food Truck,Indian Restaurant,Thai Restaurant,Bakery,Grocery Store,American Restaurant,Latin American Restaurant,Bar,Pub,Pizza Place,Filipino Restaurant,Ice Cream Shop,Diner,Mexican Restaurant,Park,Gym,Sushi Restaurant,Donut Shop,Tibetan Restaurant,Coffee Shop
301,2017,Yorkville,Coffee Shop,Italian Restaurant,Gym,Pizza Place,Ice Cream Shop,Japanese Restaurant,Deli / Bodega,Bagel Shop,Bakery,Bar,Wine Shop,Mexican Restaurant,Gym / Fitness Center,Sandwich Place,Burger Joint,Café,Thai Restaurant,Juice Bar,Park,Grocery Store
